timestamp,market_cap,total_coins,avg_price,realized_price,mvrv_ratio
2020-10-06 12:37:32,198060837871.875,18509493.75,10700.5,9343.8097,1.1452
2020-10-07 18:20:36,196832465100.0,18510600.0,10633.5,9348.8272,1.1374
2020-10-08 21:58:41,201786922106.25,18511712.5,10900.5,9354.4822,1.1653
2020-10-10 03:55:50,211323826031.25,18512818.75,11415.0,9362.4397,1.2192
2020-10-11 09:59:00,210140719243.3304,18513937.5,11350.4066,9368.7817,1.2115
2020-10-12 15:23:23,212645277468.75,18515043.75,11485.0,9377.3767,1.2248
2020-10-13 18:56:32,210667567734.375,18516156.25,11377.5,9382.8142,1.2126
2020-10-14 21:25:13,210874656525.0,18517268.75,11388.0,9388.8967,1.2129
2020-10-16 02:20:30,213294715237.5,18518381.25,11518.0,9394.7096,1.226
2020-10-17 05:10:52,210103656593.75,18519493.75,11345.0,9401.4696,1.2067
2020-10-18 09:20:20,211634896200.0,18520600.0,11427.0,9409.7171,1.2144
2020-10-19 22:22:09,217333774475.0,18521712.5,11734.0,9419.9946,1.2456
2020-10-21 04:59:58,227136141562.5,18522825.0,12262.5,9430.2721,1.3003
2020-10-22 12:44:49,238310536343.75,18523943.75,12865.0,9446.4246,1.3619
2020-10-23 21:50:12,239019538265.625,18525056.25,12902.5,9462.9071,1.3635
2020-10-25 02:22:00,243341226531.25,18526168.75,13135.0,9479.0096,1.3857
2020-10-26 15:18:02,243642929887.5,18527275.0,13150.5,9496.6721,1.3847
2020-10-28 10:14:20,252162004621.875,18528381.25,13609.5,9518.5921,1.4298
2020-10-30 02:18:49,251611910762.5,18529487.5,13579.0,9542.4671,1.423
2020-10-31 16:07:32,256713580515.625,18530593.75,13853.5,9568.6446,1.4478
2020-11-02 03:24:21,253949236596.875,18531706.25,13703.5,9593.8321,1.4284
2020-11-03 17:33:23,254186789843.75,18532812.5,13715.5,9620.0646,1.4257
2020-11-04 20:10:43,261708199709.375,18533918.75,14120.5,9646.0471,1.4639
2020-11-06 01:44:07,293419207965.625,18535056.25,15830.5,9681.2046,1.6352
2020-11-07 05:04:48,288079866628.125,18536168.75,15541.5,9714.5671,1.5998
2020-11-08 10:56:59,280181642987.5,18537275.0,15114.5,9744.7846,1.551
2020-11-09 13:44:52,283785827200.0,18538400.0,15308.0,9775.6896,1.5659
2020-11-10 16:21:28,282467917225.0,18539506.25,15236.0,9808.1671,1.5534
2020-11-11 21:29:02,291245211456.25,18540612.5,15708.5,9848.1246,1.5951
2020-11-13 00:03:26,302526785100.0,18541725.0,16316.0,9889.9221,1.6498
2020-11-14 06:37:16,300106654671.875,18542843.75,16184.5,9933.8671,1.6292
2020-11-15 12:46:42,296842379671.875,18543956.25,16007.5,9988.3096,1.6026
2020-11-16 15:29:57,304157570062.5,18545062.5,16401.0,10044.4946,1.6328
2020-11-17 18:45:37,328860664275.0,18546168.75,17732.0,10109.9821,1.7539
2020-11-18 19:08:35,329779934265.625,18547281.25,17780.5,10171.7571,1.748
2020-11-20 01:33:18,331784393203.1251,18548393.75,17887.5,10231.9596,1.7482
2020-11-21 02:36:27,352097334250.0,18549500.0,18981.5,10296.2283,1.8435
2020-11-22 04:02:34,344763133312.5,18550612.5,18585.0,10358.8608,1.7941
2020-11-23 05:47:36,342807934921.875,18551718.75,18478.5,10418.9283,1.7736
2020-11-24 11:05:20,351371952675.0,18552825.0,18939.0,10480.6508,1.807
2020-11-25 17:06:33,352526329398.8582,18553931.25,19000.0882,10541.8487,1.8023
2020-11-26 19:40:57,303560515750.0,18555043.75,16360.0,10592.4787,1.5445
2020-11-28 00:23:39,316401020218.75,18556156.25,17051.0,10647.2587,1.6014
2020-11-29 03:21:46,330050192193.75,18557262.5,17785.5,10704.2212,1.6615
2020-11-30 10:45:06,344183738662.5,18558381.25,18546.0,10764.6137,1.7229
2020-12-01 18:38:42,350495921437.5,18559487.5,18885.0,10826.2787,1.7444
2020-12-03 01:40:06,354377535800.0,18560600.0,19093.0,10887.7962,1.7536
2020-12-04 05:55:38,358018190150.0,18561706.25,19288.0,10949.7912,1.7615
2020-12-05 10:14:43,355069597050.0,18562818.75,19128.0,11011.4862,1.7371
2020-12-06 19:21:13,355796186550.0,18563925.0,19166.0,11071.7437,1.7311
2020-12-07 22:00:44,354174383671.875,18565031.25,19077.5,11130.6062,1.714
2020-12-09 05:20:20,337207699375.0,18566150.0,18162.5,11184.4587,1.6239
2020-12-10 14:42:11,335436164325.0,18567262.5,18066.0,11238.5137,1.6075
2020-12-11 19:11:24,334945519696.875,18568368.75,18038.5,11294.0537,1.5972
2020-12-13 03:06:07,349468470006.25,18569487.5,18819.5,11353.9887,1.6575
2020-12-14 06:32:41,355617704700.0,18570600.0,19149.5,11415.6546,1.6775
2020-12-15 14:13:20,359204656434.375,18571706.25,19341.5,11478.1771,1.6851
2020-12-16 19:34:26,384670935540.625,18572818.75,20711.5,11548.1421,1.7935
2020-12-18 03:01:20,427859937281.25,18573937.5,23035.5,11628.1296,1.981
2020-12-19 06:15:54,427606938525.0,18575050.0,23020.5,11707.9496,1.9662
2020-12-20 08:25:28,438118645156.25,18576156.25,23585.0,11789.7271,2.0005
2020-12-21 14:15:19,421499508862.5,18577262.5,22689.0,11867.3046,1.9119
2020-12-22 20:34:29,433089934509.375,18578381.25,23311.5,11949.7521,1.9508
2020-12-24 01:44:09,426956622750.0,18579487.5,22980.0,12029.0821,1.9104
2020-12-25 09:12:16,440211427125.0,18580593.75,23692.0,12109.6896,1.9564
2020-12-26 16:22:14,478116592665.625,18581706.25,25730.5,12200.7196,2.1089
2020-12-27 21:29:28,486804647656.25,18582812.5,26196.5,12293.4271,2.1309
2020-12-29 00:48:22,498541664012.5,18583925.0,26826.5,12388.9921,2.1653
2020-12-30 03:53:21,519433038406.25,18585031.25,27949.0,12490.0596,2.2377
2020-12-31 05:25:33,538329890638.9121,18586150.0,28964.0345,12588.6648,2.3008
2021-01-01 07:25:21,539392882746.875,18587256.25,29019.5,12689.8596,2.2868
2021-01-02 12:01:35,554704992562.4999,18588375.0,29841.5,12794.7671,2.3323
2021-01-03 16:24:20,626168086425.0,18589481.25,33684.0,12918.8521,2.6074
2021-01-04 17:24:56,576373667100.0,18590600.0,31003.5,13029.1671,2.3795
2021-01-05 20:16:57,625982959875.0,18591712.5,33670.0,13152.6996,2.5599
2021-01-06 20:19:34,639602261409.375,18592818.75,34400.5,13278.2371,2.5907
2021-01-07 21:45:15,740510146599.5522,18593931.25,39825.3676,13427.7764,2.9659
2021-01-09 02:20:49,751639308306.25,18595037.5,40421.5,13581.4164,2.9762
2021-01-10 07:41:04,763251339046.875,18596156.25,41043.5,13743.1714,2.9865
2021-01-11 10:09:12,664656863118.75,18597262.5,35739.5,13878.9464,2.5751
2021-01-12 14:46:39,618209985000.0,18598375.0,33240.0,14000.9239,2.3741
2021-01-13 18:12:43,648033825971.875,18599481.25,34841.5,14126.8589,2.4663
2021-01-15 00:29:20,734249384700.0,18600600.0,39474.5,14276.4439,2.765
2021-01-16 02:57:11,678925074712.5,18601706.25,36498.0,14410.0839,2.5328
2021-01-17 11:49:56,656065829275.0,18602825.0,35267.0,14538.6039,2.4257
2021-01-18 16:33:48,674402036343.75,18603937.5,36250.5,14672.0064,2.4707
2021-01-19 20:52:10,678032911903.125,18605043.75,36443.5,14809.2664,2.4609
2021-01-21 05:40:36,636246812794.9032,18606156.25,34195.4998,14934.3339,2.2897
2021-01-22 11:37:10,591348105881.2501,18607262.5,31780.5,15049.3589,2.1118
2021-01-23 17:50:21,601403869631.25,18608368.75,32319.0,15166.9139,2.1309
2021-01-24 22:02:51,593856460909.375,18609481.25,31911.5,15280.4564,2.0884
2021-01-26 03:32:20,592793937421.875,18610593.75,31852.5,15392.3864,2.0694
2021-01-27 09:23:40,575380898718.75,18611706.25,30915.0,15499.3614,1.9946
2021-01-28 13:48:25,588351003125.0,18612812.5,31610.0,15609.9364,2.025
2021-01-29 17:26:13,672055762125.0,18613925.0,36105.0,15739.8864,2.2939
2021-01-31 00:04:52,638691029703.125,18615031.25,34310.5,15863.5064,2.1629
2021-02-01 06:54:44,630528577125.0,18616137.5,33870.0,15983.6664,2.119
2021-02-02 14:39:00,644910848625.0,18617250.0,34640.5,16108.2514,2.1505
2021-02-03 17:56:01,690219934600.0,18618362.5,37072.0,16245.4414,2.282
2021-02-04 22:29:12,697178078140.625,18619468.75,37443.5,16385.3339,2.2852
2021-02-05 23:10:30,704602794500.0,18620581.25,37840.0,16526.0789,2.2897
2021-02-07 01:31:59,732996666250.0,18621700.0,39362.5,16674.0289,2.3607
2021-02-08 04:04:27,710078290909.375,18622806.25,38129.5,16815.2064,2.2676
2021-02-09 09:26:51,872510630648.285,18623925.0,46848.9124,17002.8385,2.7554
2021-02-10 13:51:22,854321444290.625,18625043.75,45869.5,17185.0385,2.6692
2021-02-11 22:28:41,878819304187.5001,18626156.25,47182.0,17373.7585,2.7157
2021-02-13 04:37:34,892088739306.2499,18627287.5,47891.5,17568.091,2.7261
2021-02-14 06:59:05,908981787228.125,18628393.75,48795.5,17764.6185,2.7468
2021-02-15 12:51:41,888180339975.0,18629506.25,47676.0,17955.981,2.6552
2021-02-16 22:11:31,905708596075.0,18630612.5,48614.0,18152.666,2.6781
2021-02-18 03:28:30,977224332578.125,18631718.75,52449.5,18368.5235,2.8554
2021-02-19 10:01:57,983003291568.75,18632837.5,52756.5,18585.5185,2.8386
2021-02-20 14:49:57,1068190825468.75,18633943.75,57325.0,18823.621,3.0454
2021-02-21 20:06:19,1084085079815.625,18635056.25,58174.5,19066.366,3.0512
2021-02-23 05:25:40,919312578043.75,18636162.5,49329.5,19267.176,2.5603
2021-02-24 10:58:07,942272668087.5,18637275.0,50558.5,19474.0285,2.5962
2021-02-25 13:52:03,960874109981.25,18638387.5,51553.5,19686.366,2.6187
2021-02-26 20:53:06,868889903596.875,18639506.25,46615.5,19873.8735,2.3456
2021-02-28 00:14:37,860665040043.7501,18640612.5,46171.5,20058.931,2.3018
2021-03-01 09:40:05,880532264296.8749,18641718.75,47234.5,20249.411,2.3326
2021-03-02 16:01:10,908073362925.0,18642825.0,48709.0,20446.9135,2.3822
2021-03-03 19:42:01,941705598812.4998,18643943.75,50510.0,20654.121,2.4455
2021-03-05 04:13:38,880941617700.0,18645056.25,47248.0,20845.0085,2.2666
2021-03-06 09:06:03,906772205456.25,18646162.5,48630.5,21043.006,2.311
2021-03-07 13:23:41,946367536331.25,18647268.75,50751.0,21250.351,2.3882
2021-03-08 17:15:39,947682444937.5,18648375.0,50818.5,21458.206,2.3683
2021-03-09 22:37:55,1012452362840.625,18649481.25,54288.5,21682.6235,2.5038
2021-03-11 04:25:58,1045663838774.9998,18650587.5,56066.0,21916.871,2.5581
2021-03-12 10:16:54,1047693615478.125,18651693.75,56171.5,22151.4435,2.5358
2021-03-13 16:38:28,1111408435200.0,18652800.0,59584.0,22403.076,2.6596
2021-03-14 18:55:06,1122526789453.125,18653906.25,60176.5,22657.3485,2.6559
2021-03-15 23:55:54,1047534916912.5,18655012.5,56153.0,22891.7785,2.453
2021-03-17 05:07:47,1037494747865.625,18656118.75,55611.5,23123.8585,2.4049
2021-03-18 11:35:58,1088202034425.0,18657237.5,58326.0,23370.0035,2.4958
2021-03-19 16:24:19,1098566331300.0,18658350.0,58878.0,23618.5135,2.4929
2021-03-20 19:50:37,1109687192915.6248,18659456.25,59470.5,23869.911,2.4914
2021-03-21 22:41:37,1079140690812.5,18660568.75,57830.0,24112.1485,2.3984
2021-03-23 02:37:03,1023154667053.1248,18661681.25,54826.5,24339.3635,2.2526
2021-03-24 06:31:28,1005262053946.875,18662793.75,53864.5,24560.8085,2.1931
2021-03-25 09:53:45,982841303125.0002,18663906.25,52660.0,24776.1085,2.1254
2021-03-26 16:46:42,1004849949425.0,18665018.75,53836.0,24995.2885,2.1538
2021-03-27 19:33:44,1041560790684.375,18666131.25,55799.5,25222.5035,2.2123
2021-03-28 21:41:27,1027090074487.5,18667237.5,55021.0,25442.5635,2.1626
2021-03-30 04:38:59,1072347466865.8298,18668356.25,57441.9865,25674.3359,2.2373
2021-03-31 07:20:54,1114930965768.75,18669462.5,59719.5,25917.1009,2.3043
2021-04-01 10:24:32,1098753635653.125,18670568.75,58849.5,26152.9284,2.2502
2021-04-02 15:56:41,1111076692550.0,18671675.0,59506.0,26394.5484,2.2545
2021-04-04 00:43:55,1066720331512.5,18672787.5,57127.0,26624.1109,2.1457
2021-04-05 05:25:57,1069827372937.5,18673893.75,57290.0,26854.3984,2.1334
2021-04-06 10:53:36,1094140237499.9998,18675000.0,58588.5,27088.9284,2.1628
2021-04-07 15:04:01,1058440307559.375,18676106.25,56673.5,27313.5959,2.0749
2021-04-08 19:21:26,1080000474206.25,18677212.5,57824.5,27544.1359,2.0993
2021-04-10 00:15:06,1089058417450.0,18678325.0,58306.0,27777.3234,2.0991
2021-04-11 04:26:23,1125108842765.625,18679431.25,60232.5,28019.1534,2.1497
2021-04-12 09:09:12,1134843032812.5,18680543.75,60750.0,28265.7259,2.1492
2021-04-13 15:08:32,1178289028800.0,18681650.0,63072.0,28523.5734,2.2112
2021-04-14 22:37:26,1171698791568.7502,18682762.5,62715.5,28778.5459,2.1792
2021-04-15 23:38:48,1182811524018.75,18683887.5,63306.5,29035.7259,2.1803
2021-04-17 18:20:55,1125257036109.375,18684993.75,60222.5,29277.4509,2.057
2021-04-19 10:30:09,1057008336271.875,18686118.75,56566.5,29498.8484,1.9176
2021-04-20 22:10:47,1066097199196.8752,18687231.25,57049.5,29725.2509,1.9192
2021-04-22 12:58:10,1031755080868.7498,18688337.5,55208.5,29941.8884,1.8439
2021-04-23 18:25:11,934855321096.875,18689443.75,50020.5,30134.1784,1.6599
2021-04-24 23:51:18,942330804624.9998,18690550.0,50417.5,30328.2959,1.6624
2021-04-26 07:12:09,987984874406.2502,18691656.25,52857.0,30533.6859,1.7311
2021-04-27 15:26:22,1027934046331.25,18692768.75,54991.0,30751.5109,1.7882
2021-04-28 20:58:09,1021246391250.0,18693875.0,54630.0,30967.2734,1.7641
2021-04-30 08:09:52,1016306257968.75,18694987.5,54362.5,31181.8634,1.7434
2021-05-01 15:01:26,1075390683446.8752,18696106.25,57519.5,31411.6984,1.8311
2021-05-02 15:43:30,1059627124012.5,18697212.5,56673.0,31636.7484,1.7914
2021-05-03 14:52:51,1088672212581.25,18698318.75,58223.0,31869.5059,1.8269
2021-05-04 15:34:59,1014350648156.25,18699431.25,54245.0,32081.1659,1.6909
2021-05-05 16:52:45,1075056499800.0,18700537.5,57488.0,32311.6059,1.7792
2021-05-06 19:42:38,1042018534700.0002,18701650.0,55718.0,32539.4934,1.7123
2021-05-07 20:56:38,1079916931275.0,18702775.0,57741.0,32778.1034,1.7616
2021-05-08 20:49:40,1106147537125.0,18703881.25,59140.0,33022.7234,1.7909
2021-05-09 17:48:38,1073460527637.4998,18704987.5,57389.0,33258.2409,1.7256
2021-05-10 18:15:04,1068613664609.375,18706093.75,57126.5,33493.3959,1.7056
2021-05-11 19:53:09,1061399760000.0002,18707200.0,56737.5,33725.2309,1.6823
2021-05-12 19:39:08,1013176387428.125,18708306.25,54156.5,33944.4584,1.5954
2021-05-13 21:33:56,928950394743.75,18709412.5,49651.5,34140.4209,1.4543
2021-05-15 05:03:34,923289258237.5,18710518.75,49346.0,34335.6584,1.4372
2021-05-16 15:55:03,897653085956.2501,18711631.25,47973.0,34522.0534,1.3896
2021-05-18 02:15:54,836319020718.75,18712737.5,44692.5,34692.0209,1.2883
2021-05-19 16:52:35,738939759562.5,18713850.0,39486.25,34834.9421,1.1335
2021-05-21 05:05:33,749047659100.0,18714962.5,40024.0,34980.4046,1.1442
2021-05-22 20:11:11,698231018821.875,18716068.75,37306.5,35112.2271,1.0625
2021-05-24 07:31:37,678768992787.5,18717175.0,36264.5,35238.8121,1.0291
2021-05-25 16:14:18,717031840703.125,18718281.25,38306.5,35378.3746,1.0828
2021-05-27 03:07:58,708444579631.25,18719387.5,37845.5,35514.9596,1.0656
2021-05-28 15:45:30,691694163321.875,18720493.75,36948.5,35648.3027,1.0365
2021-05-30 04:03:03,651212134400.0,18721600.0,34784.0,35769.2802,0.9725
2021-05-31 10:24:24,687947348100.0,18722712.5,36744.0,35899.4102,1.0235
2021-06-01 14:56:49,689270577734.375,18723818.75,36812.5,36029.7902,1.0217
2021-06-02 18:10:04,711594199828.125,18724931.25,38002.5,36166.4502,1.0508
2021-06-03 22:55:00,728227509318.7499,18726037.5,38888.5,36307.3102,1.0711
2021-06-05 07:21:56,708841354650.0,18727150.0,37851.0,36443.0002,1.0386
2021-06-06 13:30:35,669862905421.8751,18728256.25,35767.5,36569.4727,0.9781
2021-06-07 20:27:47,666166410000.0,18729375.0,35568.0,36694.6677,0.9693
2021-06-09 00:44:12,617169563125.0,18730487.5,32950.0,36806.2402,0.8952
2021-06-10 11:57:25,708962962600.0,18731600.0,37848.5,36941.9802,1.0245
2021-06-12 03:12:56,665507488590.625,18732706.25,35526.5,37066.4452,0.9585
2021-06-13 13:57:42,674736175025.0,18733825.0,36017.0,37192.0277,0.9684
2021-06-14 19:53:31,743411935471.875,18734943.75,39680.5,37333.3552,1.0629
2021-06-16 03:31:16,747287354250.0,18736050.0,39885.0,37476.0282,1.0643
2021-06-17 14:02:21,725024892515.625,18737156.25,38694.5,37612.0757,1.0288
2021-06-18 23:07:39,667082145000.0,18738262.5,35600.0,37733.1882,0.9435
2021-06-20 15:08:55,642273124537.5,18739368.75,34274.0,37847.6182,0.9056
2021-06-22 09:27:54,591252616012.5,18740475.0,31549.5,37947.7757,0.8314
2021-06-24 06:12:33,617769577968.75,18741587.5,32962.5,38055.8632,0.8662
2021-06-25 20:56:54,603289826424.9999,18742693.75,32188.0,38159.6682,0.8435
2021-06-28 06:08:20,646839166100.0,18743800.0,34509.5,38273.5457,0.9017
2021-06-30 04:25:16,659633250937.5,18744906.25,35190.0,38388.1832,0.9167
2021-07-02 01:46:55,626416753700.0,18746012.5,33416.0,38490.9382,0.8682
2021-07-03 19:42:15,649390819940.6249,18747118.75,34639.5,38599.6232,0.8974
2021-07-05 05:19:48,640562933120.134,18748225.0,34166.5909,38704.7811,0.8827
2021-07-06 13:45:37,638986583665.625,18749331.25,34080.5,38809.4311,0.8781
2021-07-07 20:58:32,646711964593.75,18750437.5,34490.5,38913.8361,0.8863
2021-07-09 04:38:11,618941786625.0,18751550.0,33007.5,39010.9786,0.8461
2021-07-10 09:42:56,635152467187.5,18752656.25,33870.0,39111.0611,0.866
2021-07-11 16:28:08,635396227262.5001,18753762.5,33881.0,39211.9486,0.864
2021-07-13 04:05:37,620111393650.0,18754881.25,33064.0,39308.6911,0.8411
2021-07-14 09:48:39,606343563899.9999,18755987.5,32328.0,39399.7286,0.8205
2021-07-15 13:39:30,595078376050.0,18757100.0,31725.5,39479.2036,0.8036
2021-07-16 18:10:01,601238026725.0,18758206.25,32052.0,39561.7561,0.8102
2021-07-17 23:33:00,591387326562.5,18759312.5,31525.0,39643.8086,0.7952
2021-07-19 05:06:26,595099243168.75,18760418.75,31721.0,39725.8736,0.7985
2021-07-20 08:37:31,559712575325.0,18761525.0,29833.0,39798.8586,0.7496
2021-07-21 14:24:48,594587982375.0,18762637.5,31690.0,39878.7661,0.7947
2021-07-22 19:20:35,605599829531.2499,18763743.75,32275.0,39958.5611,0.8077
2021-07-24 02:08:47,630799617799.9999,18764862.5,33616.0,40045.7186,0.8394
2021-07-25 06:16:59,645915261390.625,18765968.75,34419.5,40137.7786,0.8575
2021-07-26 09:38:03,718985410325.0001,18767075.0,38311.0,40247.3286,0.9519
2021-07-27 13:17:12,718821341875.0,18768181.25,38300.0,40350.1686,0.9492
2021-07-28 13:41:33,745807023456.2501,18769287.5,39735.5,40459.9436,0.9821
2021-07-29 18:18:39,743730174000.0,18770400.0,39622.5,40568.6186,0.9767
2021-07-30 18:51:35,733402993375.0,18771512.5,39070.0,40669.0611,0.9607
2021-07-31 22:44:27,785277414931.2496,18772618.75,41831.0,40785.2911,1.0256
2021-08-02 02:30:53,743627494812.5,18773731.25,39610.0,40890.9486,0.9687
2021-08-03 05:16:30,713444062500.0,18774843.75,38000.0,40986.2536,0.9271
2021-08-04 10:45:16,711186046125.0,18775950.0,37877.5,41080.6407,0.922
2021-08-05 15:17:31,737835036815.625,18777056.25,39294.5,41195.3132,0.9539
2021-08-06 17:13:57,798898145400.0,18778162.5,42544.0,41322.7782,1.0296
2021-08-07 19:43:21,819658743131.2501,18779268.75,43647.0,41452.0857,1.053
2021-08-08 21:39:21,828684046875.0,18780375.0,44125.0,41579.9807,1.0612
2021-08-10 01:16:55,859083733856.25,18781481.25,45741.0,41714.2607,1.0965
2021-08-11 04:05:55,855969753671.875,18782593.75,45572.5,41846.6582,1.089
2021-08-12 08:58:05,849596142850.0,18783700.0,45230.5,41976.3707,1.0775
2021-08-13 12:31:54,871615010000.0,18784806.25,46400.0,42112.7307,1.1018
2021-08-14 15:52:29,880610875527.4094,18785912.5,46876.1299,42251.2814,1.1095
2021-08-15 16:51:38,863329266128.125,18787018.75,45953.5,42385.6614,1.0842
2021-08-16 18:39:26,874197891242.1077,18788125.0,46529.278,42527.4952,1.0941
2021-08-17 19:32:41,857632300405.5858,18789243.75,45644.8547,42665.3895,1.0698
2021-08-19 02:08:50,844569861450.0001,18790350.0,44947.0,42799.932,1.0502
2021-08-20 04:14:39,884701760250.0,18791456.25,47080.0,42941.2345,1.0964
2021-08-21 07:24:50,916212592125.0,18792562.5,48754.0,43089.257,1.1315
2021-08-22 08:24:30,925043169543.75,18793668.75,49221.0,43238.6545,1.1384
2021-08-23 10:09:28,946481690088.8734,18794781.25,50358.75,43386.8908,1.1607
2021-08-24 07:39:24,936523890575.0,18795887.5,49826.0,43520.8433,1.1449
2021-08-25 11:30:31,891975356692.0969,18797000.0,47453.07,43643.0061,1.0873
2021-08-26 16:09:47,879491861881.1335,18798112.5,46786.1793,43759.012,1.0692
2021-08-27 21:27:06,921208716796.8748,18799218.75,49002.5,43890.5795,1.1165
2021-08-29 01:44:06,931849152907.9078,18800325.0,49565.5875,44021.85,1.1259
2021-08-30 05:16:10,902111772687.5,18801437.5,47981.0,44146.855,1.0868
2021-08-31 11:24:14,891616624625.0,18802543.75,47420.0,44265.495,1.0713
2021-09-01 20:11:03,906157295325.0,18803650.0,48190.5,44377.795,1.0859
2021-09-03 00:32:08,927724374890.0385,18804756.25,49334.56,44493.4853,1.1088
2021-09-04 04:28:27,946668716290.7728,18805862.5,50339.0215,44611.0479,1.1284
2021-09-05 07:09:40,938270267453.125,18806968.75,49889.5,44720.7504,1.1156
2021-09-06 09:07:14,972735154168.75,18808081.25,51719.0,44834.5252,1.1536
2021-09-07 09:56:07,954575670218.7502,18809187.5,50750.5,44943.1802,1.1292
2021-09-08 17:14:57,872638322396.875,18810306.25,46391.5,45025.9302,1.0303
2021-09-09 22:36:26,872003026437.5,18811412.5,46355.0,45089.2852,1.0281
2021-09-11 04:17:07,851369942290.625,18812518.75,45255.5,45160.5452,1.0021
2021-09-12 10:51:45,863347844437.5,18813625.0,45889.5,45221.6427,1.0148
2021-09-13 14:56:19,828262374225.0,18814737.5,44022.0,45269.7502,0.9724
2021-09-14 16:12:22,879426013291.4125,18815843.75,46738.5904,45304.3163,1.0317
2021-09-15 21:32:03,906262246028.894,18816956.25,48162.0,45343.0188,1.0622
2021-09-17 05:24:17,903850660131.25,18818068.75,48031.0,45377.9563,1.0585
2021-09-18 09:43:51,914094681265.625,18819181.25,48572.5,45442.1213,1.0689
2021-09-19 11:06:20,904408915812.5,18820287.5,48055.0,45516.1963,1.0558
2021-09-20 14:23:55,826805006043.75,18821393.75,43929.0,45561.6338,0.9642
2021-09-21 21:02:49,770357868750.0,18822500.0,40927.5,45568.8988,0.8981
2021-09-23 04:42:51,831175157575.0,18823606.25,44156.0,45607.1888,0.9682
2021-09-24 06:28:53,834367732137.5,18824712.5,44323.0,45652.4688,0.9709
2021-09-25 09:58:36,804813164471.875,18825818.75,42750.5,45684.9688,0.9358
2021-09-26 18:28:04,812752028707.0966,18826931.25,43169.6498,45718.5996,0.9442
2021-09-27 21:48:26,808786861346.875,18828043.75,42956.5,45762.4046,0.9387
2021-09-29 03:25:34,785457992250.0,18829150.0,41715.0,45812.0771,0.9106
2021-09-30 08:33:58,810218850796.875,18830256.25,43027.5,45865.6196,0.9381
2021-10-01 10:56:24,891390780208.8019,18831362.5,47335.4374,45942.7392,1.0303
2021-10-02 12:31:01,898883149671.875,18832468.75,47730.5,46022.1292,1.0371
2021-10-03 13:47:47,906836636250.0,18833575.0,48150.0,46108.3042,1.0443
2021-10-04 18:13:36,928832305843.75,18834681.25,49315.0,46196.8292,1.0675
2021-10-05 21:04:20,969110684768.75,18835787.5,51450.5,46273.5567,1.1119
2021-10-07 03:34:01,1033985353278.125,18836893.75,54891.5,46376.4617,1.1836
2021-10-08 11:48:38,1042899937000.0,18838000.0,55361.5,46483.9192,1.191
2021-10-09 18:40:55,1033551047087.5,18839106.25,54862.0,46585.0267,1.1777
2021-10-10 20:54:55,1045923817043.75,18840212.5,55515.5,46677.2442,1.1893
2021-10-12 02:32:14,1072673959074.9998,18841318.75,56932.0,46774.6867,1.2172
2021-10-13 09:03:31,1029389941387.5,18842425.0,54631.5,46858.6442,1.1659
2021-10-14 11:49:05,1091125979071.875,18843543.75,57904.5,46951.3542,1.2333
2021-10-15 17:03:30,1159012315671.875,18844656.25,61503.5,47068.2242,1.3067
2021-10-17 01:33:09,1152427799756.25,18845762.5,61150.5,47139.7322,1.2972
2021-10-18 03:50:40,1168128925125.0002,18846868.75,61980.0,47220.2847,1.3126
2021-10-19 11:16:54,1170789087062.5,18847975.0,62117.5,47294.9622,1.3134
2021-10-20 11:53:49,1204126432953.125,18849081.25,63882.5,47374.9172,1.3484
2021-10-21 17:15:30,1189936936125.0,18850187.5,63126.0,47446.5697,1.3305
2021-10-22 20:20:13,1151277167950.0,18851300.0,61071.5,47513.5472,1.2853
2021-10-24 01:55:55,1150263814699.7397,18852406.25,61014.1644,47575.548,1.2825
2021-10-25 04:36:51,1167221732750.0,18853525.0,61910.0,47622.8505,1.3
2021-10-26 04:34:41,1177207756725.0,18854631.25,62436.0,47671.248,1.3097
2021-10-27 10:12:31,1111913412506.25,18855737.5,58969.5,47679.4705,1.2368
2021-10-28 11:54:26,1147759508531.25,18856843.75,60867.0,47692.933,1.2762
2021-10-29 14:37:31,1152032929125.0,18857962.5,61090.0,47751.7355,1.2793
2021-10-30 16:08:26,1158597459121.8748,18859068.75,61434.5,47806.1155,1.2851
2021-10-31 22:11:18,1159541511632.034,18860175.0,61480.9519,47855.7528,1.2847
2021-11-02 03:41:34,1151726416968.75,18861281.25,61063.0,47927.9903,1.2741
2021-11-03 06:00:23,1190207220056.25,18862387.5,63099.5,48012.6303,1.3142
2021-11-04 09:36:17,1163877564375.0,18863493.75,61700.0,48084.9578,1.2831
2021-11-05 14:43:12,1162974293100.0002,18864600.0,61648.5,48149.6553,1.2804
2021-11-06 18:17:37,1147572612628.1252,18865706.25,60828.5,48201.2478,1.262
2021-11-07 21:52:31,1186911174374.9998,18866812.5,62910.0,48279.5578,1.303
2021-11-09 05:00:11,1289632107712.5,18867925.0,68350.5,48378.1578,1.4128
2021-11-10 08:06:54,1254800012640.625,18869031.25,66500.5,48456.9053,1.3724
2021-11-11 11:18:02,1229578159499.9998,18870137.5,65160.0,48528.6128,1.3427
2021-11-12 16:04:25,1192285180125.0,18871243.75,63180.0,48573.0703,1.3007
2021-11-13 20:34:56,1208028959740.625,18872356.25,64010.5,48612.7928,1.3167
2021-11-15 00:40:21,1245017088587.5,18873475.0,65966.5,48661.7678,1.3556
2021-11-16 05:31:10,1157239091999.9998,18874593.75,61312.0,48670.4078,1.2597
2021-11-17 09:39:13,1116711579302.2097,18875700.0,59161.3333,48665.3319,1.2157
2021-11-18 14:57:30,1110616895718.75,18876806.25,58835.0,48678.7419,1.2086
2021-11-19 20:06:34,1096249817831.25,18877912.5,58070.5,48691.0369,1.1926
2021-11-21 03:09:37,1115957677331.25,18879018.75,59111.0,48694.9619,1.2139
2021-11-22 10:44:22,1083011528828.125,18880131.25,57362.5,48687.3844,1.1782
2021-11-23 16:27:18,1080686867275.0,18881243.75,57236.0,48676.2119,1.1759
2021-11-24 22:10:49,1082855925046.875,18882356.25,57347.5,48673.7994,1.1782
2021-11-26 07:54:43,1076546197125.0,18883462.5,57010.0,48684.7169,1.171
2021-11-27 12:25:30,1033731851090.625,18884568.75,54739.5,48689.0919,1.1243
2021-11-28 19:19:59,1032139910100.0,18885675.0,54652.0,48699.0519,1.1222
2021-11-30 01:26:15,1085819940843.75,18886781.25,57491.0,48717.3269,1.1801
2021-12-01 09:20:20,1077195112012.5,18887887.5,57031.0,48723.4844,1.1705
2021-12-02 13:39:56,1060465887112.4998,18888993.75,56142.0,48729.0894,1.1521
2021-12-03 16:04:04,1058214307071.8748,18890106.25,56019.5,48721.977,1.1498
2021-12-04 17:23:53,905729737706.25,18891212.5,47944.5,48663.102,0.9852
2021-12-05 20:14:20,924807341290.625,18892318.75,48951.5,48613.612,1.007
2021-12-06 21:40:08,928989707250.0,18893425.0,49170.0,48561.932,1.0125
2021-12-08 00:59:50,958066101562.4998,18894531.25,50706.0,48529.827,1.0448
2021-12-09 02:37:37,942523846318.75,18895637.5,49880.5,48492.7795,1.0286
2021-12-10 04:39:38,915622821662.5,18896743.75,48454.0,48442.107,1.0002
2021-12-11 07:20:57,908561383375.0,18897850.0,48077.5,48399.127,0.9934
2021-12-12 13:21:47,940034083875.0,18898956.25,49740.0,48358.7045,1.0286
2021-12-13 19:32:11,919166739562.5,18900062.5,48633.0,48310.3395,1.0067
2021-12-15 00:24:49,914680290073.3124,18901168.75,48392.79,48251.1409,1.0029
2021-12-16 06:58:46,924031286601.5002,18902275.0,48884.66,48191.8142,1.0144
2021-12-17 15:18:01,900904526897.375,18903381.25,47658.38,48114.7461,0.9905
2021-12-18 23:56:55,872886542626.125,18904487.5,46173.51,48032.0362,0.9613
2021-12-20 05:01:11,882688851968.0,18905600.0,46689.28,47948.9501,0.9737
2021-12-21 08:14:37,886916048059.3125,18906706.25,46910.13,47882.3882,0.9797
2021-12-22 13:56:19,925245980169.1876,18907818.75,48934.57,47844.2286,1.0228
2021-12-23 17:27:30,919510126950.9376,18908931.25,48628.35,47802.1228,1.0173
2021-12-24 21:27:38,960359302363.375,18910037.5,50785.69,47780.0088,1.0629
2021-12-26 01:25:28,954462571423.5,18911150.0,50470.89,47782.2607,1.0563
2021-12-27 08:39:17,960763610104.4376,18912256.25,50801.11,47784.1788,1.0631
2021-12-28 15:05:48,958761845858.75,18913362.5,50692.3,47773.3553,1.0611
2021-12-29 21:13:25,900352544730.625,18914468.75,47601.26,47736.4066,0.9972
2021-12-31 07:06:33,891547039852.0,18915575.0,47132.96,47698.9214,0.9881
2022-01-01 08:30:09,874888184472.75,18916681.25,46249.56,47658.3567,0.9704
2022-01-02 10:15:14,903576527232.375,18917787.5,47763.33,47609.5758,1.0032
2022-01-03 15:01:31,895391239743.0,18918900.0,47327.87,47562.8502,0.9951
2022-01-04 20:59:28,878682741062.4375,18920006.25,46441.99,47503.9451,0.9776
2022-01-06 03:10:26,821860659139.125,18921112.5,43436.17,47449.901,0.9154
2022-01-07 06:46:25,815937993497.8125,18922218.75,43120.63,47378.0641,0.9101
2022-01-08 13:05:47,785848597533.0,18923325.0,41528.04,47307.1143,0.8778
2022-01-09 19:18:59,788977138533.5625,18924431.25,41690.93,47226.864,0.8828
2022-01-11 00:52:31,792014818837.5,18925537.5,41849.0,47140.409,0.8878
2022-01-12 06:05:14,808610003789.4375,18926643.75,42723.37,47067.0808,0.9077
2022-01-13 09:04:00,831420346500.0,18927750.0,43926.0,47001.0783,0.9346
2022-01-14 10:50:23,805355446709.25,18928856.25,42546.44,46930.123,0.9066
2022-01-15 11:26:57,815869457873.625,18929962.5,43099.37,46874.8374,0.9195
2022-01-16 12:36:23,816809925753.9375,18931068.75,43146.53,46842.3125,0.9211
2022-01-17 14:05:01,816022937007.0,18932175.0,43102.44,46811.0947,0.9208
2022-01-18 19:27:39,788571164062.5,18933281.25,41650.0,46779.4797,0.8903
2022-01-19 20:20:34,794260211200.0,18934400.0,41948.0,46765.7572,0.897
2022-01-20 22:05:15,782832216162.5,18935518.75,41342.0,46775.036,0.8838
2022-01-22 06:55:16,680582302500.0,18936625.0,35940.0,46754.616,0.7687
2022-01-23 12:42:34,676777701681.25,18937731.25,35737.0,46746.7685,0.7645
2022-01-24 17:13:14,652765127531.25,18938843.75,34467.0,46737.781,0.7375
2022-01-25 21:57:05,692425632050.0,18939950.0,36559.0,46729.0435,0.7824
2022-01-27 06:12:26,682313894437.5,18941062.5,36023.0,46719.931,0.771
2022-01-28 11:59:51,690063207562.5,18942168.75,36430.0,46717.3385,0.7798
2022-01-29 18:21:30,713358337513.7078,18943275.0,37657.6034,46731.7065,0.8058
2022-01-30 22:00:20,715359016387.5,18944387.5,37761.0,46736.7915,0.808
2022-02-01 02:41:14,727620632962.5,18945493.75,38406.0,46744.759,0.8216
2022-02-02 06:54:34,725313741200.0,18946600.0,38282.0,46746.1565,0.8189
2022-02-03 12:33:32,688995442368.75,18947706.25,36363.0,46733.529,0.7781
2022-02-04 18:42:15,766271281431.25,18948818.75,40439.0,46746.469,0.8651
2022-02-06 03:32:41,787350433825.0,18949925.0,41549.0,46775.3765,0.8883
2022-02-07 06:33:44,810838823062.5,18951031.25,42786.0,46811.4665,0.914
2022-02-08 13:36:48,824312252573.1471,18952137.5,43494.4213,46864.1886,0.9281
2022-02-09 19:39:59,846683582932.1454,18953256.25,44672.1963,46898.3071,0.9525
2022-02-11 00:47:58,810977312893.3923,18954362.5,42785.7868,46934.6035,0.9116
2022-02-12 06:27:13,799839861016.3654,18955475.0,42195.7171,46965.4971,0.8984
2022-02-13 04:29:40,801934402195.975,18956581.25,42303.7462,46978.6133,0.9005
2022-02-14 07:01:03,800583143125.0,18957687.5,42230.0,46990.3383,0.8987
2022-02-15 09:33:50,832442715975.0,18958793.75,43908.0,47016.4058,0.9339
2022-02-16 09:30:43,838115673280.4177,18959900.0,44204.6463,47059.4291,0.9393
2022-02-17 13:51:51,805255239862.5,18961012.5,42469.0,47100.4041,0.9017
2022-02-18 20:00:45,763189395161.3114,18962118.75,40248.1076,47143.8971,0.8537
2022-02-20 01:34:07,757580838750.0,18963225.0,39950.0,47178.8346,0.8468
2022-02-21 09:05:32,741239851237.5,18964331.25,39086.0,47213.3246,0.8279
2022-02-22 15:59:48,719625034800.0,18965450.0,37944.0,47230.4971,0.8034
2022-02-23 19:23:35,718206585518.75,18966556.25,37867.0,47243.8821,0.8015
2022-02-25 03:48:05,736985432201.4137,18967668.75,38854.8241,47271.0762,0.822
2022-02-26 13:16:21,744316497956.25,18968793.75,39239.0,47294.0737,0.8297
2022-02-27 21:15:22,710593484100.0,18969900.0,37459.0,47310.5358,0.7918
2022-03-01 01:18:11,821653251693.75,18971006.25,43311.0,47356.6883,0.9146
2022-03-02 04:44:52,843485339042.3074,18972112.5,44459.2208,47406.5319,0.9378
2022-03-03 09:55:02,821578318312.5,18973218.75,43302.0,47458.0044,0.9124
2022-03-04 14:53:00,781348109776.6538,18974325.0,41179.2309,47494.5505,0.867
2022-03-06 01:35:59,751180644312.5,18975437.5,39587.0,47523.0805,0.833
2022-03-07 09:23:01,727617617006.25,18976543.75,38343.0,47549.4755,0.8064
2022-03-08 15:01:18,735934289350.0,18977650.0,38779.0,47581.7305,0.815
2022-03-09 20:29:33,799556022056.25,18978756.25,42129.0,47633.748,0.8844
2022-03-11 00:36:50,744598985737.5,18979862.5,39231.0,47669.643,0.823
2022-03-12 06:55:46,742611665900.0,18980975.0,39124.0,47707.638,0.8201
2022-03-13 10:14:27,739865068093.75,18982093.75,38977.0,47743.918,0.8164
2022-03-14 13:43:06,736168496000.0,18983200.0,38780.0,47788.653,0.8115
2022-03-15 20:32:16,751987354868.75,18984306.25,39611.0,47828.258,0.8282
2022-03-17 00:22:04,778611008356.25,18985418.75,41011.0,47871.938,0.8567
2022-03-18 03:43:51,770473184500.0,18986525.0,40580.0,47906.758,0.8471
2022-03-19 08:12:21,789961410525.0,18987631.25,41604.0,47942.6805,0.8678
2022-03-20 11:03:19,793121587900.0,18988737.5,41768.0,47959.9655,0.8709
2022-03-21 15:49:33,781261161718.75,18989843.75,41141.0,47974.1705,0.8576
2022-03-22 19:19:29,810153927000.0,18990950.0,42660.0,47988.793,0.889
2022-03-24 00:47:59,820399853831.25,18992056.25,43197.0,48006.6655,0.8998
2022-03-25 06:23:38,838472151725.0,18993162.5,44146.0,48032.0455,0.9191
2022-03-26 08:06:51,845891175503.8392,18994268.75,44534.0216,48045.5607,0.9269
2022-03-27 13:40:05,846244513125.0,18995387.5,44550.0,48070.2607,0.9268
2022-03-28 18:08:43,904214106006.25,18996493.75,47599.0,48118.2557,0.9892
2022-03-29 22:51:22,897636600000.0,18997600.0,47250.0,48165.1182,0.981
2022-03-31 04:25:29,894939665831.5085,18998706.25,47105.2952,48204.1721,0.9772
2022-04-01 11:21:39,859285520125.0,18999812.5,45226.0,48217.5821,0.938
2022-04-02 19:49:53,877633724825.0,19000925.0,46189.0,48230.2921,0.9577
2022-04-04 01:19:15,873409364375.0,19002031.25,45964.0,48239.4871,0.9528
2022-04-05 04:00:48,886610383200.0,19003137.5,46656.0,48244.0621,0.9671
2022-04-06 10:25:32,859011386756.25,19004256.25,45201.0,48242.2046,0.937
2022-04-07 15:24:41,822254558464.4861,19005368.75,43264.3307,48232.3738,0.897
2022-04-08 23:54:00,801199210612.5,19006481.25,42154.0,48211.1438,0.8744
2022-04-10 04:12:15,813505737412.5,19007587.5,42799.0,48190.7581,0.8881
2022-04-11 10:53:52,789393034050.0,19008693.75,41528.0,48168.6306,0.8621
2022-04-12 15:42:24,767012472190.7725,19009800.0,40348.2663,48137.7256,0.8382
2022-04-13 21:47:21,783230326593.75,19010906.25,41199.0,48115.4963,0.8563
2022-04-15 03:30:33,763275265837.5,19012012.5,40147.0,48091.4963,0.8348
2022-04-16 08:46:50,767958879431.25,19013118.75,40391.0,48058.0513,0.8405
2022-04-17 12:55:05,769695828000.0,19014225.0,40480.0,48016.6813,0.843
2022-04-18 17:12:18,751029523050.0,19015331.25,39496.0,47968.0563,0.8234
2022-04-20 02:58:02,786615454250.0,19016450.0,41365.0,47923.0875,0.8632
2022-04-21 05:38:09,791203758099.3633,19017556.25,41603.8605,47881.9769,0.8689
2022-04-22 06:54:41,773324460362.7443,19018662.5,40661.3483,47848.0182,0.8498
2022-04-23 10:41:13,753239901806.25,19019768.75,39603.0,47812.1023,0.8283
2022-04-24 13:32:36,751743021750.0,19020875.0,39522.0,47764.6998,0.8274
2022-04-25 17:03:12,751311193431.25,19021981.25,39497.0,47714.3569,0.8278
2022-04-26 21:24:51,729748041705.4604,19023087.5,38361.1778,47666.2578,0.8048
2022-04-27 21:52:13,748197785736.1537,19024206.25,39328.7255,47625.8014,0.8258
2022-04-29 05:44:47,753844289498.1047,19025312.5,39623.2277,47582.9651,0.8327
2022-04-30 09:57:04,734039235375.0,19026418.75,38580.0,47529.1923,0.8117
2022-05-01 13:22:14,723589218592.0795,19027537.5,38028.5267,47467.6398,0.8011
2022-05-02 13:57:28,740899273050.0,19028643.75,38936.0,47412.8723,0.8212
2022-05-03 19:38:15,716630868849.1732,19029750.0,37658.4489,47342.5695,0.7954
2022-05-04 23:34:00,754268956612.5,19030856.25,39634.0,47286.987,0.8382
2022-05-06 02:50:34,694647599287.5,19031962.5,36499.0,47237.5245,0.7727
2022-05-07 08:26:01,685190700000.0,19033075.0,36000.0,47185.7495,0.7629
2022-05-08 12:58:30,660809670456.25,19034181.25,34717.0,47133.057,0.7366
2022-05-09 18:17:08,592720782175.0,19035287.5,31138.0,47059.2995,0.6617
2022-05-10 21:27:48,590566043306.25,19036393.75,31023.0,46994.3045,0.6601
2022-05-12 01:23:24,566784450000.0,19037500.0,29772.0,46909.4716,0.6347
2022-05-13 08:37:07,577935931325.0,19038606.25,30356.0,46820.4416,0.6483
2022-05-14 12:39:20,555635929887.5,19039712.5,29183.0,46726.2016,0.6246
2022-05-15 22:36:01,592684547439.501,19040831.25,31127.0311,46638.9742,0.6674
2022-05-17 01:29:01,570058670043.75,19041943.75,29937.0,46548.3842,0.6431
2022-05-18 08:28:57,568415999450.0,19043050.0,29849.0,46477.9842,0.6422
2022-05-19 19:01:55,575420691843.75,19044206.25,30215.0,46424.4217,0.6508
2022-05-21 03:44:45,554694908593.75,19045318.75,29125.0,46349.2667,0.6284
2022-05-22 10:02:02,574440366500.0,19046431.25,30160.0,46278.4517,0.6517
2022-05-23 17:20:29,573922271655.0406,19047537.5,30131.0483,46215.3545,0.652
2022-05-25 01:52:40,564830384475.0,19048643.75,29652.0,46147.7662,0.6425
2022-05-26 07:38:20,564996535250.0,19049750.0,29659.0,46081.2787,0.6436
2022-05-27 14:06:45,558755229061.6713,19050856.25,29329.6649,46019.3521,0.6373
2022-05-28 18:56:44,551630522225.0,19051962.5,28954.0,45948.9846,0.6301
2022-05-30 00:00:55,561608254475.0,19053068.75,29476.0,45859.6874,0.6427
2022-05-31 04:33:34,604760460325.0,19054175.0,31739.0,45779.7299,0.6933
2022-06-01 08:21:51,600113796275.0979,19055281.25,31493.3056,45696.4464,0.6892
2022-06-02 19:15:08,574397632025.0,19056387.5,30142.0,45600.5814,0.661
2022-06-04 01:03:49,566712691643.75,19057493.75,29737.0,45492.0139,0.6537
2022-06-05 07:59:37,567817968066.4119,19058606.25,29793.2577,45366.5227,0.6567
2022-06-06 12:23:40,598989781156.25,19059718.75,31427.0,45246.8502,0.6946
2022-06-07 14:43:07,565725471500.0,19060831.25,29680.0,45120.9402,0.6578
2022-06-08 15:52:47,579921324562.5,19061937.5,30423.0,44995.4777,0.6761
2022-06-09 18:40:11,576771451700.0,19063043.75,30256.0,44862.0977,0.6744
2022-06-11 00:18:09,556291897000.0,19064150.0,29180.0,44734.8402,0.6523
2022-06-12 04:47:41,525057157125.0,19065256.25,27540.0,44583.0177,0.6177
2022-06-13 14:22:32,446114896012.5,19066368.75,23398.0,44392.4902,0.5271
2022-06-14 18:12:12,426539555562.5,19067481.25,22370.0,44198.5877,0.5061
2022-06-15 22:06:31,423589602725.0,19068587.5,22214.0,43999.7577,0.5049
2022-06-17 11:20:46,403762120775.7992,19069693.75,21172.9735,43795.0351,0.4835
2022-06-18 18:27:18,353896835600.0,19070800.0,18557.0,43568.4076,0.4259
2022-06-20 00:09:54,391908601531.25,19071906.25,20549.0,43355.5226,0.474
2022-06-21 06:51:52,402822156000.0,19073018.75,21120.0,43155.7651,0.4894
2022-06-22 13:25:39,387681590625.0,19074125.0,20325.0,42952.3192,0.4732
2022-06-23 19:55:28,397070143800.0,19075237.5,20816.0,42746.8492,0.487
2022-06-25 02:20:47,406217002744.7301,19076350.0,21294.2729,42541.1406,0.5006
2022-06-26 08:01:55,407685240062.5,19077456.25,21370.0,42353.1431,0.5046
2022-06-27 14:45:41,394620986750.0,19078562.5,20684.0,42152.2281,0.4907
2022-06-28 19:39:48,387222004125.0,19079675.0,20295.0,41948.2531,0.4838
2022-06-30 00:45:03,382378856250.0,19080781.25,20040.0,41741.2806,0.4801
2022-07-01 02:01:02,389233028036.3236,19081887.5,20398.036,41535.866,0.4911
2022-07-02 10:32:50,365572911268.75,19082993.75,19157.0,41326.336,0.4636
2022-07-03 15:29:45,364053397449.4276,19084100.0,19076.2675,41106.2199,0.4641
2022-07-04 19:07:35,380184311652.1098,19085206.25,19920.3669,40897.3217,0.4871
2022-07-06 04:23:10,386268792375.0,19086312.5,20238.0,40690.2692,0.4974
2022-07-07 12:04:09,391082250825.0,19087425.0,20489.0,40488.5717,0.506
2022-07-08 15:56:10,419413208625.0,19088531.25,21972.0,40283.8817,0.5454
2022-07-10 00:21:26,410160085612.5,19089643.75,21486.0,40049.5592,0.5365
2022-07-11 04:19:16,392124133375.0,19090756.25,20540.0,39819.7567,0.5158
2022-07-12 11:22:29,375594333918.75,19091868.75,19673.0,39592.3217,0.4969
2022-07-13 22:40:51,379721086800.0,19092975.0,19888.0,39375.8617,0.5051
2022-07-15 07:49:08,396775008375.0,19094081.25,20780.0,39159.7092,0.5306
2022-07-16 13:02:07,395289476437.5,19095187.5,20701.0,38933.3817,0.5317
2022-07-17 23:02:02,401022431250.0,19096306.25,21000.0,38731.8217,0.5422
2022-07-19 07:04:39,415731572712.5,19097412.5,21769.0,38544.86,0.5648
2022-07-20 13:40:10,455644534088.201,19098518.75,23857.585,38369.9729,0.6218
2022-07-21 22:18:35,440685791831.25,19099631.25,23073.0,38194.9854,0.6041
2022-07-23 07:18:27,434369871487.5,19100737.5,22741.0,38013.1354,0.5982
2022-07-24 09:56:00,433057899656.25,19101843.75,22671.0,37839.6779,0.5991
2022-07-25 13:32:43,418870521693.75,19102956.25,21927.0,37663.1329,0.5822
2022-07-26 16:35:03,398102372319.45,19104062.5,20838.6238,37480.5886,0.556
2022-07-27 17:01:13,411525334875.0,19105168.75,21540.0,37303.2386,0.5774
2022-07-29 00:35:49,453096654690.5352,19106281.25,23714.5391,37148.1138,0.6384
2022-07-30 06:02:08,454641178175.0,19107387.5,23794.0,36993.8238,0.6432
2022-07-31 13:18:14,454078420430.2283,19108493.75,23763.1718,36825.1846,0.6453
2022-08-01 19:50:17,438049360800.0,19109600.0,22923.0,36654.6446,0.6254
2022-08-02 22:37:16,440540144550.0,19110712.5,23052.0,36489.1946,0.6317
2022-08-04 05:05:59,441119888568.75,19111818.75,23081.0,36324.5021,0.6354
2022-08-05 09:56:04,442674455925.0,19112925.0,23161.0,36200.5846,0.6398
2022-08-06 14:28:04,443464639031.25,19114031.25,23201.0,36071.8321,0.6432
2022-08-07 17:45:25,444006559025.0,19115143.75,23228.0,35942.1221,0.6463
2022-08-08 21:10:15,460089905000.0,19116250.0,24068.0,35808.9321,0.6721
2022-08-10 03:35:17,437825835975.0,19117362.5,22902.0,35674.0396,0.642
2022-08-11 07:33:42,470682540008.6126,19118468.75,24619.2593,35554.8659,0.6924
2022-08-12 14:07:52,455638591825.0,19119575.0,23831.0,35433.6334,0.6726
2022-08-13 18:32:49,468265483812.5,19120681.25,24490.0,35307.3834,0.6936
2022-08-15 03:47:39,474851348987.5,19121787.5,24833.0,35188.3834,0.7057
2022-08-16 08:42:59,459178924725.0,19122893.75,24012.0,35066.4795,0.6848
2022-08-17 13:21:06,451288299487.5,19124006.25,23598.0,34940.0462,0.6754
2022-08-18 21:31:49,447527632500.0,19125112.5,23400.0,34818.7543,0.6721
2022-08-19 21:02:03,406852925250.0,19126218.75,21272.0,34694.2467,0.6131
2022-08-21 00:53:05,405920091150.0,19127325.0,21222.0,34566.9103,0.6139
2022-08-22 06:31:21,410056180706.25,19128431.25,21437.0,34439.5447,0.6225
2022-08-23 10:49:10,409812349650.0,19129550.0,21423.0,34301.9868,0.6245
2022-08-24 13:10:47,411060410843.75,19130656.25,21487.0,34166.2801,0.6289
2022-08-25 16:33:16,411981990623.8182,19131762.5,21533.9277,34020.0213,0.633
2022-08-26 16:54:08,395114920213.2622,19132868.75,20651.107,33870.9223,0.6097
2022-08-27 21:39:27,382679500000.0,19133975.0,20000.0,33716.9168,0.5932
2022-08-29 00:44:50,376100144812.5,19135087.5,19655.0,33561.7303,0.5856
2022-08-30 02:59:29,386632633830.3173,19136193.75,20204.26,33424.7453,0.6045
2022-08-31 06:40:55,388592667854.7976,19137306.25,20305.505,33290.608,0.6099
2022-09-01 10:58:48,382757306892.0604,19138418.75,19999.4217,33159.3573,0.6031
2022-09-02 19:57:53,379700270638.5814,19139525.0,19838.542,33019.7334,0.6008
2022-09-04 00:41:40,379979811575.0,19140631.25,19852.0,32882.354,0.6037
2022-09-05 02:55:40,380155047694.4416,19141737.5,19860.0074,32749.4441,0.6064
2022-09-06 07:45:16,380866019250.0,19142843.75,19896.0,32631.7433,0.6097
2022-09-07 12:42:35,358202448450.0,19143950.0,18711.0,32509.6951,0.5756
2022-09-08 21:15:17,370152362353.2058,19145056.25,19334.0964,32398.7254,0.5968
2022-09-10 01:09:37,407200584050.0,19146162.5,21268.0,32296.6108,0.6585
2022-09-11 03:29:12,412527905218.75,19147268.75,21545.0,32195.0908,0.6692
2022-09-12 05:12:46,415749653700.0,19148381.25,21712.0,32090.0339,0.6766
2022-09-13 08:47:38,425195220450.0,19149487.5,22204.0,31981.4239,0.6943
2022-09-14 17:36:08,387454812750.0,19150593.75,20232.0,31869.8517,0.6348
2022-09-15 22:54:24,377671524000.0,19151700.0,19720.0,31752.9549,0.621
2022-09-17 06:30:07,380382132600.4072,19152806.25,19860.3864,31636.5241,0.6278
2022-09-18 07:44:50,384681352053.5116,19153931.25,20083.6761,31521.4303,0.6371
2022-09-19 13:10:46,360804404075.0,19155043.75,18836.0,31407.3603,0.5997
2022-09-20 19:14:01,363634482356.534,19156150.0,18982.6496,31292.5336,0.6066
2022-09-22 01:52:28,352973157387.0108,19157256.25,18425.0371,31177.9488,0.591
2022-09-23 10:33:53,365828931937.5,19158362.5,19095.0,31093.7238,0.6141
2022-09-24 16:51:27,365926693656.25,19159468.75,19099.0,31010.5338,0.6159
2022-09-25 21:44:14,362392437225.8471,19160587.5,18913.4304,30932.7659,0.6114
2022-09-27 03:29:34,385993410700.0,19161706.25,20144.0,30850.6909,0.653
2022-09-28 10:38:53,363576160143.75,19162818.75,18973.0,30765.4409,0.6167
2022-09-29 15:14:55,367782789242.1415,19163925.0,19191.4125,30679.248,0.6256
2022-09-30 18:17:12,379716764156.25,19165031.25,19813.0,30590.0249,0.6477
2022-10-01 18:43:06,369187656655.9453,19166150.0,19262.4839,30497.5324,0.6316
2022-10-02 19:35:11,369027184581.25,19167256.25,19253.0,30401.7674,0.6333
2022-10-03 23:13:24,374276147872.4568,19168362.5,19525.7236,30307.986,0.6442
2022-10-05 01:17:53,387625827593.75,19169468.75,20221.0,30227.276,0.669
2022-10-06 01:27:07,389076821095.7146,19170575.0,20295.5217,30126.5586,0.6737
2022-10-07 03:09:35,383888634891.2398,19171681.25,20023.7334,30018.9323,0.667
2022-10-08 05:05:00,372776507362.5,19172787.5,19443.0,29902.2173,0.6502
2022-10-09 04:23:05,371072486700.0,19173900.0,19353.0,29781.5102,0.6498
2022-10-10 09:07:50,368735610562.5,19175018.75,19230.0,29654.2992,0.6485
2022-10-11 10:45:31,365976584187.5,19176137.5,19085.0,29535.7952,0.6462
2022-10-12 15:17:11,366381241843.75,19177243.75,19105.0,29420.3417,0.6494
2022-10-13 22:52:24,372865480700.0,19178350.0,19442.0,29306.0329,0.6634
2022-10-15 01:00:19,368341457281.25,19179456.25,19205.0,29190.9079,0.6579
2022-10-16 05:51:04,367346252700.0,19180568.75,19152.0,29067.1279,0.6589
2022-10-17 11:42:58,373985239331.25,19181681.25,19497.0,28943.5897,0.6736
2022-10-18 17:18:03,372261174225.0,19182787.5,19406.0,28828.2747,0.6732
2022-10-19 20:30:11,368330880000.0,19183900.0,19200.0,28723.0342,0.6685
2022-10-21 02:21:51,366069223512.5,19185012.5,19081.0,28618.6892,0.6667
2022-10-22 06:10:44,367548476893.75,19186118.75,19157.0,28519.0442,0.6717
2022-10-23 09:49:18,368260409425.0,19187225.0,19193.0,28425.2892,0.6752
2022-10-24 18:32:25,371140703037.5,19188331.25,19342.0,28332.6642,0.6827
2022-10-26 02:39:20,388183131187.5,19189437.5,20229.0,28239.535,0.7163
2022-10-27 06:28:38,399470358700.0,19190543.75,20816.0,28147.42,0.7395
2022-10-28 11:47:00,387536988450.0,19191650.0,20193.0,28061.09,0.7196
2022-10-29 15:53:10,401166991137.5,19192756.25,20902.0,27949.045,0.7479
2022-10-30 23:49:47,396084546550.0,19193862.5,20636.0,27829.9289,0.7415
2022-11-01 01:36:47,394072708437.5,19194968.75,20530.0,27716.0689,0.7407
2022-11-02 06:22:46,393154940081.25,19196081.25,20481.0,27612.5778,0.7417
2022-11-03 13:24:37,387015300000.0,19197187.5,20160.0,27515.4428,0.7327
2022-11-04 19:49:10,404450586100.0,19198300.0,21067.0,27429.0628,0.7681
2022-11-06 00:15:17,409561734125.0,19199406.25,21332.0,27341.8278,0.7802
2022-11-07 04:44:16,401060305100.0,19200512.5,20888.0,27235.6228,0.7669
2022-11-08 10:25:49,380211252868.75,19201618.75,19801.0,27138.4728,0.7296
2022-11-09 14:41:31,336297322925.0,19202725.0,17513.0,27030.4178,0.6479
2022-11-10 18:25:27,333666567968.75,19203831.25,17375.0,26922.4078,0.6454
2022-11-12 01:40:43,324064220837.5,19204943.75,16874.0,26812.8778,0.6293
2022-11-13 06:21:17,324102093750.0,19206050.0,16875.0,26699.1978,0.632
2022-11-14 12:36:11,321911938750.0,19207156.25,16760.0,26577.9428,0.6306
2022-11-15 20:18:34,323217538256.25,19208268.75,16827.0,26459.1778,0.636
2022-11-16 23:56:04,319778465625.0,19209375.0,16647.0,26334.3928,0.6321
2022-11-18 09:02:41,321256982462.5,19210487.5,16723.0,26209.1678,0.6381
2022-11-19 14:52:02,319757766375.0,19211593.75,16644.0,26086.6828,0.638
2022-11-20 17:43:35,318027823100.0,19212700.0,16553.0,25956.1478,0.6377
2022-11-22 01:47:13,303885757350.0,19213818.75,15816.0,25819.2428,0.6126
2022-11-23 08:35:22,317372916225.0,19214925.0,16517.0,25681.0978,0.6432
2022-11-24 18:24:26,318659549862.5,19216037.5,16583.0,25541.3427,0.6493
2022-11-26 04:22:26,319254409118.75,19217143.75,16613.0,25401.6577,0.654
2022-11-27 15:05:05,317927509750.0,19218250.0,16543.0,25246.3777,0.6553
2022-11-28 22:55:28,311795819231.25,19219368.75,16223.0,25091.2427,0.6466
2022-11-30 05:26:27,324691484175.0,19220475.0,16893.0,24940.1812,0.6773
2022-12-01 10:03:04,328958355437.5,19221593.75,17114.0,24799.6212,0.6901
2022-12-02 19:01:20,325978546600.0,19222700.0,16958.0,24653.4662,0.6879
2022-12-04 05:24:54,328073477462.5,19223806.25,17066.0,24508.9762,0.6963
2022-12-05 12:34:52,332264162737.5,19224912.5,17283.0,24362.1112,0.7094
2022-12-06 15:36:09,326573154487.5,19226018.75,16986.0,24221.0362,0.7013
2022-12-07 19:36:24,323131062750.0,19227125.0,16806.0,24088.7445,0.6977
2022-12-08 20:26:33,332263836000.0,19228231.25,17280.0,23964.3745,0.7211
2022-12-09 23:42:57,329744786625.0,19229343.75,17148.0,23836.1195,0.7194
2022-12-11 03:52:20,330321654362.5,19230462.5,17177.0,23714.3645,0.7243
2022-12-12 09:45:06,326744353062.5,19231568.75,16990.0,23597.5732,0.72
2022-12-13 14:54:33,343687902250.0,19232675.0,17870.0,23480.9282,0.761
2022-12-14 17:23:16,348920025656.25,19233781.25,18141.0,23370.8982,0.7762
2022-12-15 23:08:06,333840707450.0,19234887.5,17356.0,23255.7232,0.7463
2022-12-17 06:25:05,321260436000.0,19236000.0,16701.0,23136.8282,0.7218
2022-12-18 13:51:03,321644625500.0,19237118.75,16720.0,23022.9482,0.7262
2022-12-19 19:44:22,318488814875.0,19238225.0,16555.0,22898.8982,0.723
2022-12-21 02:49:45,324721538325.0,19239337.5,16878.0,22775.2689,0.7411
2022-12-22 08:29:19,323701225650.0,19240443.75,16824.0,22656.0822,0.7426
2022-12-23 16:05:21,324412533000.0,19241550.0,16860.0,22542.3672,0.7479
2022-12-25 06:11:03,324238863125.0,19242662.5,16850.0,22429.0072,0.7513
2022-12-26 15:31:34,324026578212.5,19243768.75,16838.0,22315.7122,0.7545
2022-12-28 02:17:05,321543475925.0,19244881.25,16708.0,22207.4463,0.7524
2022-12-29 03:58:49,318694307012.5,19245987.5,16559.0,22093.5976,0.7495
2022-12-30 10:11:48,318173706781.25,19247093.75,16531.0,21978.1365,0.7522
2022-12-31 11:26:53,319269893400.0,19248200.0,16587.0,21868.1715,0.7585
2023-01-01 15:54:49,318845508725.0,19249306.25,16564.0,21760.8489,0.7612
2023-01-02 18:01:25,322136402775.0,19250412.5,16734.0,21649.8389,0.7729
2023-01-03 23:09:25,321211694625.0,19251525.0,16685.0,21544.9716,0.7744
2023-01-05 03:18:31,324291426050.0,19252637.5,16844.0,21431.0216,0.786
2023-01-06 08:40:38,323752016437.5,19253762.5,16815.0,21332.6016,0.7882
2023-01-07 07:34:17,326408641000.0,19254875.0,16952.0,21237.3616,0.7982
2023-01-08 10:53:35,326466012075.0,19255987.5,16954.0,21148.5466,0.8017
2023-01-09 15:52:19,332955150937.5,19257093.75,17290.0,21079.3066,0.8202
2023-01-10 17:36:07,333455841218.75,19258206.25,17315.0,21010.7666,0.8241
2023-01-11 20:43:42,337692785375.0,19259312.5,17534.0,20949.5766,0.837
2023-01-13 01:20:45,362115132918.75,19260418.75,18801.0,20891.8016,0.8999
2023-01-14 04:30:34,403355595025.0,19261525.0,20941.0,20850.5916,1.0043
2023-01-15 04:58:48,399160244762.5,19262631.25,20722.0,20798.5665,0.9963
2023-01-16 06:31:56,407871114087.5,19263737.5,21173.0,20754.7465,1.0202
2023-01-17 11:11:46,407220267187.5,19264843.75,21138.0,20711.1915,1.0206
2023-01-18 16:33:52,398246452450.0,19265950.0,20671.0,20663.4715,1.0004
2023-01-19 22:32:52,404454176000.0,19267062.5,20992.0,20622.8065,1.0179
2023-01-21 07:44:15,435903923025.0,19268175.0,22623.0,20585.1215,1.099
2023-01-22 13:49:30,441459233437.5,19269281.25,22910.0,20549.0162,1.1149
2023-01-23 16:56:34,440675221350.0,19270387.5,22868.0,20515.0962,1.1147
2023-01-24 22:46:02,439794758868.75,19271493.75,22821.0,20480.9062,1.1143
2023-01-25 23:30:22,445100985687.5,19272612.5,23095.0,20449.7329,1.1294
2023-01-27 02:44:17,438438554125.0,19273718.75,22748.0,20418.7029,1.1141
2023-01-28 05:58:00,444130517650.0,19274825.0,23042.0,20386.5329,1.1303
2023-01-29 07:16:25,447143777206.25,19275931.25,23197.0,20343.8229,1.1402
2023-01-30 11:16:53,447979074462.5,19277037.5,23239.0,20302.5514,1.1446
2023-01-31 21:58:16,441180319718.75,19278143.75,22885.0,20266.2664,1.1292
2023-02-02 04:46:16,460658399500.0,19279250.0,23894.0,20237.0514,1.1807
2023-02-03 10:26:48,451430261237.5,19280356.25,23414.0,20205.1551,1.1588
2023-02-04 19:27:44,452034753375.0,19281468.75,23444.0,20165.2401,1.1626
2023-02-05 23:25:42,442766487150.0,19282575.0,22962.0,20131.6501,1.1406
2023-02-07 04:47:11,441056357550.0,19283681.25,22872.0,20093.8951,1.1383
2023-02-08 11:01:02,446674392837.5,19284793.75,23162.0,20058.4251,1.1547
2023-02-09 14:43:51,439024227600.0,19285900.0,22764.0,20026.3451,1.1367
2023-02-10 19:42:14,418528035625.0,19287006.25,21700.0,19997.1451,1.0852
2023-02-11 22:48:44,421966037162.5,19288112.5,21877.0,19989.5401,1.0944
2023-02-13 01:44:56,419212591093.75,19289218.75,21733.0,19986.3551,1.0874
2023-02-14 04:14:37,418503600875.0,19290325.0,21695.0,19983.7601,1.0856
2023-02-15 09:17:16,426360888975.0,19291475.0,22101.0,19988.4002,1.1057
2023-02-16 10:25:15,475523542650.0,19292581.25,24648.0,20018.8552,1.2312
2023-02-17 11:57:53,459575785125.0,19293693.75,23820.0,20035.2102,1.1889
2023-02-18 12:39:43,474980091600.0,19294800.0,24617.0,20052.6952,1.2276
2023-02-19 13:51:24,477091436562.5,19295912.5,24725.0,20074.6952,1.2317
2023-02-20 18:27:16,478662860156.25,19297031.25,24805.0,20094.6402,1.2344
2023-02-21 20:21:31,474329075231.25,19298143.75,24579.0,20111.0639,1.2222
2023-02-23 02:17:39,467061149250.0,19299250.0,24201.0,20125.2189,1.2025
2023-02-24 04:20:02,462803392387.5,19300362.5,23979.0,20141.6939,1.1905
2023-02-25 15:31:36,444416317968.75,19301468.75,23025.0,20155.3439,1.1424
2023-02-26 19:08:10,453147397425.0,19302581.25,23476.0,20172.5239,1.1638
2023-02-28 00:54:14,453231425556.25,19303693.75,23479.0,20187.9287,1.163
2023-03-01 07:02:50,458913705600.0,19304800.0,23772.0,20211.0037,1.1762
2023-03-02 08:37:02,451970717537.5,19305912.5,23411.0,20232.6773,1.1571
2023-03-03 13:43:15,431936623475.0,19307018.75,22372.0,20244.9355,1.1051
2023-03-04 16:04:22,430880117500.0,19308125.0,22316.0,20255.3255,1.1017
2023-03-05 19:17:28,433280120506.25,19309243.75,22439.0,20265.0755,1.1073
2023-03-07 01:48:09,433478877100.0,19310356.25,22448.0,20267.4555,1.1076
2023-03-08 04:24:56,428038566312.5,19311462.5,22165.0,20270.8505,1.0934
2023-03-09 13:04:03,417479798668.75,19312568.75,21617.0,20276.2355,1.0661
2023-03-10 21:11:49,386273500000.0,19313675.0,20000.0,20277.8705,0.9863
2023-03-11 22:42:58,395624664343.75,19314781.25,20483.0,20280.8455,1.01
2023-03-13 00:23:27,425355158637.5,19315887.5,22021.0,20287.0505,1.0855
2023-03-14 03:59:48,472512984118.75,19316993.75,24461.0,20305.8505,1.2046
2023-03-15 08:35:28,480383348118.75,19318106.25,24867.0,20325.1855,1.2235
2023-03-16 16:30:07,479696046375.0,19319212.5,24830.0,20340.4905,1.2207
2023-03-17 21:23:32,518711917800.0,19320318.75,26848.0,20355.4426,1.319
2023-03-18 23:30:27,519321261150.0,19321425.0,26878.0,20374.4676,1.3192
2023-03-20 03:25:02,529843300787.5,19322537.5,27421.0,20397.8676,1.3443
2023-03-21 07:59:28,531805999643.75,19323643.75,27521.0,20422.1176,1.3476
2023-03-22 11:24:11,544127161731.25,19324756.25,28157.0,20453.2676,1.3767
2023-03-23 13:48:09,528949369812.5,19325881.25,27370.0,20485.9245,1.336
2023-03-24 14:42:17,543165832350.0,19326993.75,28104.0,20518.7445,1.3697
2023-03-25 19:10:10,530633657400.0,19328100.0,27454.0,20537.4418,1.3368
2023-03-27 00:35:11,540889178493.75,19329206.25,27983.0,20558.3868,1.3611
2023-03-28 06:19:13,523097586562.5,19330312.5,27061.0,20574.8759,1.3152
2023-03-29 12:53:27,547987727306.25,19331418.75,28347.0,20601.9959,1.3759
2023-03-30 17:12:24,545795845800.0,19332525.0,28232.0,20627.8959,1.3686
2023-03-31 21:57:50,550757331462.5,19333637.5,28487.0,20654.9259,1.3792
2023-04-02 04:04:11,550382815587.5,19334743.75,28466.0,20681.4509,1.3764
2023-04-03 09:36:43,547610784856.25,19335856.25,28321.0,20707.0509,1.3677
2023-04-04 14:25:38,545012464218.75,19336968.75,28185.0,20731.8359,1.3595
2023-04-05 20:37:08,545333715000.0,19338075.0,28200.0,20752.4959,1.3589
2023-04-06 23:08:44,541362050643.75,19339193.75,27993.0,20777.9509,1.3472
2023-04-08 04:57:42,541238470406.25,19340306.25,27985.0,20794.7796,1.3458
2023-04-09 10:14:15,539258096168.75,19341418.75,27881.0,20815.0296,1.3395
2023-04-10 16:31:53,549966013325.0,19342525.0,28433.0,20834.7446,1.3647
2023-04-11 22:51:55,583868354300.0,19343637.5,30184.0,20861.4996,1.4469
2023-04-13 02:17:44,580883965325.0,19344743.75,30028.0,20891.5796,1.4373
2023-04-14 07:17:14,597844995693.75,19345856.25,30903.0,20928.1046,1.4766
2023-04-15 10:59:42,587954190375.0,19346962.5,30390.0,20963.0546,1.4497
2023-04-16 19:17:51,590019547125.0,19348075.0,30495.0,21009.1696,1.4515
2023-04-18 00:07:03,569582032437.5,19349187.5,29437.0,21050.2446,1.3984
2023-04-19 02:00:47,585075481825.0,19350293.75,30236.0,21094.2396,1.4334
2023-04-20 06:37:26,561345411200.0,19351400.0,29008.0,21132.1646,1.3727
2023-04-21 16:15:02,542953915350.0,19352506.25,28056.0,21165.0096,1.3256
2023-04-22 19:23:56,535011263950.0,19353612.5,27644.0,21195.56,1.3042
2023-04-24 01:09:17,538467630343.75,19354718.75,27821.0,21231.4094,1.3104
2023-04-25 09:36:40,529711033818.75,19355831.25,27367.0,21268.2444,1.2868
2023-04-26 17:30:10,576759309750.0,19356937.5,29796.0,21318.9494,1.3976
2023-04-28 01:34:15,570694672050.0,19358050.0,29481.0,21365.3331,1.3799
2023-04-29 08:36:26,567687897875.0,19359156.25,29324.0,21410.4256,1.3696
2023-04-30 13:32:46,567313772037.5,19360262.5,29303.0,21456.9435,1.3657
2023-05-01 15:44:52,544577394625.0,19361375.0,28127.0,21498.3858,1.3083
2023-05-02 22:14:05,555103333318.75,19362493.75,28669.0,21542.4708,1.3308
2023-05-04 01:17:47,563170942400.0,19363600.0,29084.0,21588.5908,1.3472
2023-05-05 09:01:20,563106293043.75,19364706.25,29079.0,21634.5058,1.3441
2023-05-06 14:57:27,555217844375.0,19365812.5,28670.0,21684.3008,1.3222
2023-05-07 23:31:32,557554223893.75,19366918.75,28789.0,21731.5753,1.3248
2023-05-09 04:20:23,535196634825.0,19368025.0,27633.0,21763.4003,1.2697
2023-05-10 10:28:52,535091619912.5,19369131.25,27626.0,21793.8053,1.2676
2023-05-11 10:35:32,532119794362.5,19370237.5,27471.0,21822.6003,1.2588
2023-05-12 17:06:10,509853767500.0,19371343.75,26320.0,21843.1803,1.205
2023-05-13 21:33:39,521932547900.0,19372450.0,26942.0,21876.7303,1.2315
2023-05-14 21:59:33,521478013581.25,19373556.25,26917.0,21912.7153,1.2284
2023-05-16 03:25:20,525363348350.0,19374662.5,27116.0,21948.9933,1.2354
2023-05-17 06:43:17,523010463281.25,19375781.25,26993.0,21983.54,1.2279
2023-05-18 08:39:31,531256124587.5,19376887.5,27417.0,22026.445,1.2447
2023-05-19 15:31:28,521384468000.0,19378000.0,26906.0,22066.0617,1.2193
2023-05-20 22:41:37,524476131550.0,19379106.25,27064.0,22109.2565,1.2241
2023-05-22 04:36:11,517606715450.0,19380212.5,26708.0,22147.3215,1.2059
2023-05-23 07:09:08,529575153525.0,19381318.75,27324.0,22188.4465,1.2315
2023-05-24 13:55:25,516386566850.0,19382425.0,26642.0,22227.0894,1.1986
2023-05-25 17:15:50,509224749468.75,19383531.25,26271.0,22257.7244,1.1803
2023-05-26 21:34:45,518887976600.0,19384637.5,26768.0,22296.6994,1.2005
2023-05-28 03:11:09,525721984756.25,19385743.75,27119.0,22336.3373,1.2141
2023-05-29 06:21:35,543839916200.0,19386850.0,28052.0,22377.5323,1.2536
2023-05-30 07:14:40,539547608412.5,19387962.5,27829.0,22420.3649,1.2412
2023-05-31 12:12:33,525734599156.25,19389068.75,27115.0,22459.6749,1.2073
2023-06-01 21:11:11,521324581125.0,19390187.5,26886.0,22496.4763,1.1951
2023-06-02 22:47:40,529246750900.0,19391300.0,27293.0,22531.8363,1.2113
2023-06-04 07:13:20,526154935950.0,19392412.5,27132.0,22566.0187,1.2023
2023-06-05 12:09:17,519300251568.75,19393518.75,26777.0,22599.785,1.1848
2023-06-06 15:37:54,503329470200.0,19394631.25,25952.0,22632.33,1.1467
2023-06-08 00:56:09,511989282787.5,19395737.5,26397.0,22667.55,1.1645
2023-06-09 03:35:23,513725572250.0,19396850.0,26485.0,22703.825,1.1665
2023-06-10 05:48:36,498411248475.0,19397962.5,25694.0,22736.87,1.1301
2023-06-11 07:34:23,500709363506.25,19399068.75,25811.0,22770.4,1.1335
2023-06-12 12:22:47,504074747025.0,19400175.0,25983.0,22803.105,1.1395
2023-06-13 15:42:22,500436648562.5,19401281.25,25794.0,22836.05,1.1295
2023-06-15 00:22:16,487679166906.25,19402393.75,25135.0,22865.965,1.0992
2023-06-16 04:58:22,496089284500.0,19403500.0,25567.0,22896.315,1.1166
2023-06-17 08:56:05,515988050987.5,19404612.5,26591.0,22932.24,1.1595
2023-06-18 15:39:36,515357672843.75,19405718.75,26557.0,22969.025,1.1562
2023-06-19 19:36:21,517851718300.0,19406825.0,26684.0,23007.04,1.1598
2023-06-21 03:22:26,557337741187.5,19407937.5,28717.0,23054.84,1.2456
2023-06-22 14:19:06,588288116062.5,19409043.75,30310.0,23110.425,1.3115
2023-06-23 22:12:38,595950027343.75,19410156.25,30703.0,23167.23,1.3253
2023-06-25 03:31:28,596546919150.0,19411262.5,30732.0,23219.745,1.3235
2023-06-26 07:53:46,589611876043.75,19412368.75,30373.0,23267.53,1.3054
2023-06-27 13:58:46,593916631881.25,19413481.25,30593.0,23319.53,1.3119
2023-06-29 01:33:23,586864150950.0,19414587.5,30228.0,23366.16,1.2937
2023-06-30 04:13:17,597187908362.5,19415693.75,30758.0,23416.77,1.3135
2023-07-01 10:03:44,591513395200.0,19416800.0,30464.0,23466.44,1.2982
2023-07-02 15:27:29,594459973275.0,19417912.5,30614.0,23517.105,1.3018
2023-07-03 18:52:51,604397734100.0,19419025.0,31124.0,23571.925,1.3204
2023-07-05 01:39:14,598956073537.5,19420143.75,30842.0,23620.8,1.3057
2023-07-06 06:15:33,594173722500.0,19421250.0,30594.0,23667.11,1.2927
2023-07-07 10:49:27,585797686856.25,19422356.25,30161.0,23713.475,1.2719
2023-07-08 08:49:18,588123210281.25,19423468.75,30279.0,23765.865,1.2741
2023-07-09 10:48:34,589050426406.25,19424581.25,30325.0,23829.925,1.2726
2023-07-10 12:06:13,587957472731.25,19425693.75,30267.0,23894.385,1.2667
2023-07-11 17:04:56,596053269362.5,19426806.25,30682.0,23963.425,1.2804
2023-07-13 01:02:46,590608730000.0,19427918.75,30400.0,24031.05,1.265
2023-07-14 10:04:07,606982170025.0,19429025.0,31241.0,24103.455,1.2961
2023-07-15 17:47:25,589354741075.0,19430131.25,30332.0,24170.98,1.2549
2023-07-16 22:05:36,589330191693.75,19431243.75,30329.0,24239.39,1.2512
2023-07-18 04:07:26,585282949650.0,19432350.0,30119.0,24306.37,1.2391
2023-07-19 06:22:25,585238723187.5,19433462.5,30115.0,24373.725,1.2356
2023-07-20 12:57:02,588206657787.5,19434568.75,30266.0,24442.29,1.2383
2023-07-22 01:31:20,582837021900.0,19435675.0,29988.0,24513.15,1.2233
2023-07-23 08:54:17,582598081187.5,19436781.25,29974.0,24580.435,1.2194
2023-07-24 13:50:22,568363830500.0,19437887.5,29240.0,24643.72,1.1865
2023-07-25 17:59:51,569679150837.5,19438993.75,29306.0,24707.185,1.1861
2023-07-27 00:34:54,571247338500.0,19440100.0,29385.0,24771.395,1.1862
2023-07-28 07:43:39,568130552887.5,19441212.5,29223.0,24836.395,1.1766
2023-07-29 12:08:54,569932131837.5,19442318.75,29314.0,24898.5,1.1773
2023-07-30 19:00:42,571675765612.5,19443431.25,29402.0,24959.94,1.178
2023-07-31 22:41:01,569278090350.0,19444550.0,29277.0,25021.535,1.1701
2023-08-02 05:27:21,577089111493.75,19445668.75,29677.0,25084.59,1.1831
2023-08-03 07:19:10,566231747675.0,19446775.0,29117.0,25143.76,1.158
2023-08-04 14:41:27,568928500925.0,19447887.5,29254.0,25205.1,1.1606
2023-08-05 21:29:10,565207207368.75,19448993.75,29061.0,25266.375,1.1502
2023-08-07 00:05:54,565900659500.0,19450100.0,29095.0,25325.45,1.1488
2023-08-08 05:34:44,569667477443.75,19451206.25,29287.0,25386.145,1.1537
2023-08-09 12:31:41,581643596062.5,19452312.5,29901.0,25449.765,1.1749
2023-08-10 18:42:36,572961542443.75,19453418.75,29453.0,25512.08,1.1545
2023-08-11 23:32:46,572332670975.0,19454525.0,29419.0,25569.825,1.1505
2023-08-13 02:30:53,573415819831.25,19455631.25,29473.0,25626.485,1.1501
2023-08-14 06:48:38,572514868750.0,19456750.0,29425.0,25686.83,1.1455
2023-08-15 07:51:34,571808021618.75,19457856.25,29387.0,25750.26,1.1412
2023-08-16 10:22:43,567559741531.25,19458968.75,29167.0,25812.495,1.13
2023-08-17 12:14:36,555740821850.0,19460075.0,28558.0,25872.51,1.1038
2023-08-18 18:31:13,507061240312.5,19461187.5,26055.0,25918.395,1.0053
2023-08-19 23:55:11,508374575043.75,19462293.75,26121.0,25964.88,1.006
2023-08-21 03:17:54,508403634656.25,19463406.25,26121.0,26011.185,1.0042
2023-08-22 04:47:49,506933763550.0,19464512.5,26044.0,26057.155,0.9995
2023-08-23 09:55:13,507215790625.0,19465625.0,26057.0,26103.25,0.9982
2023-08-24 16:10:18,506602214050.0,19466731.25,26024.0,26149.83,0.9952
2023-08-26 00:00:02,507701734162.5,19467837.5,26079.0,26197.43,0.9955
2023-08-27 09:57:00,507750216000.0,19468950.0,26080.0,26245.175,0.9937
2023-08-28 21:36:06,506766624075.0,19470056.25,26028.0,26292.38,0.9899
2023-08-30 01:21:21,536566825012.5,19471162.5,27557.0,26347.345,1.0459
2023-08-31 08:42:25,530891935200.0,19472268.75,27264.0,26399.995,1.0327
2023-09-01 14:19:09,505022507250.0,19473375.0,25934.0,26446.24,0.9806
2023-09-02 16:55:25,503999574750.0,19474481.25,25880.0,26491.42,0.9769
2023-09-03 20:28:32,506443177350.0,19475587.5,26004.0,26537.365,0.9799
2023-09-05 01:23:01,501875605600.0,19476700.0,25768.0,26581.445,0.9694
2023-09-06 10:13:17,501846000093.75,19477818.75,25765.0,26625.5,0.9677
2023-09-07 17:53:11,504952172775.0,19478925.0,25923.0,26668.665,0.972
2023-09-09 00:42:47,504747089718.75,19480031.25,25911.0,26711.645,0.97
2023-09-10 04:04:50,504132876225.0,19481137.5,25878.0,26753.365,0.9673
2023-09-11 09:37:01,500557288668.75,19482243.75,25693.0,26787.825,0.9591
2023-09-12 12:31:05,510327386550.0,19483350.0,26193.0,26814.085,0.9768
2023-09-13 19:32:53,509986157887.5,19484456.25,26174.0,26841.345,0.9751
2023-09-14 21:41:44,518803101562.5,19485562.5,26625.0,26868.605,0.9909
2023-09-15 20:20:08,514720868362.5,19486668.75,26414.0,26894.985,0.9821
2023-09-16 23:02:56,518296863900.0,19487775.0,26596.0,26924.61,0.9878
2023-09-18 02:44:50,519749140737.5,19488887.5,26669.0,26952.995,0.9895
2023-09-19 06:29:04,522468430000.0,19490000.0,26807.0,26973.915,0.9938
2023-09-20 13:20:01,528696257031.25,19491106.25,27125.0,26994.99,1.0048
2023-09-21 19:35:04,518765743475.0,19492212.5,26614.0,27013.72,0.9852
2023-09-23 04:08:17,517917985868.75,19493318.75,26569.0,27032.46,0.9829
2023-09-24 07:24:48,518571365681.25,19494431.25,26601.0,27049.99,0.9834
2023-09-25 13:51:18,509964269925.0,19495537.5,26158.0,27067.04,0.9664
2023-09-26 18:51:01,510519616593.75,19496643.75,26185.0,27082.755,0.9669
2023-09-27 22:20:12,513317264250.0,19497750.0,26327.0,27098.405,0.9715
2023-09-29 04:25:11,526040481137.5,19498868.75,26978.0,27117.1,0.9949
2023-09-30 09:07:52,525660994556.25,19499981.25,26957.0,27137.46,0.9934
2023-10-01 15:58:29,529415523450.0,19501087.5,27148.0,27153.73,0.9998
2023-10-02 20:16:11,543740663943.75,19502193.75,27881.0,27176.065,1.0259
2023-10-03 21:40:51,534975519000.0,19503300.0,27430.0,27195.995,1.0086
2023-10-05 05:34:46,540135522281.25,19504406.25,27693.0,27219.65,1.0174
2023-10-06 10:07:33,540400223812.5,19505512.5,27705.0,27243.815,1.0169
2023-10-07 11:38:08,546438911043.75,19506618.75,28013.0,27268.07,1.0273
2023-10-08 15:11:15,545065344225.0,19507725.0,27941.0,27293.955,1.0237
2023-10-09 20:01:22,539536582750.0,19508843.75,27656.0,27323.735,1.0122
2023-10-10 20:50:29,534572801250.0,19509956.25,27400.0,27351.35,1.0018
2023-10-12 00:18:31,524184205125.0,19511062.5,26866.0,27377.015,0.9813
2023-10-13 02:53:58,523452951056.25,19512168.75,26827.0,27402.675,0.979
2023-10-14 08:27:34,524653592968.75,19513281.25,26887.0,27426.605,0.9803
2023-10-15 10:55:04,525366508537.5,19514393.75,26922.0,27437.975,0.9812
2023-10-16 16:38:09,548893128787.5,19515506.25,28126.0,27459.505,1.0243
2023-10-17 19:46:08,555872513250.0,19516625.0,28482.0,27478.83,1.0365
2023-10-19 01:11:59,554518440112.5,19517737.5,28411.0,27497.26,1.0332
2023-10-20 08:52:09,582716121075.0,19518862.5,29854.0,27522.505,1.0847
2023-10-21 14:43:11,581734294950.0,19519975.0,29802.0,27548.62,1.0818
2023-10-22 19:24:05,583797455862.5,19521081.25,29906.0,27577.145,1.0844
2023-10-23 21:30:35,616315459375.0,19522187.5,31570.0,27615.1,1.1432
2023-10-25 04:46:03,665510250400.0,19523300.0,34088.0,27670.415,1.2319
2023-10-26 10:13:42,672479339737.5,19524412.5,34443.0,27725.25,1.2423
2023-10-27 16:27:25,664609607212.5,19525518.75,34038.0,27778.045,1.2254
2023-10-28 17:41:38,666951616975.0,19526631.25,34156.0,27829.965,1.2273
2023-10-30 00:06:19,674722602050.0,19527743.75,34552.0,27885.67,1.2391
2023-10-31 03:05:47,671480408200.0,19528862.5,34384.0,27945.73,1.2304
2023-11-01 06:39:22,671655155281.25,19529968.75,34391.0,28006.105,1.228
2023-11-02 13:44:31,687747964056.25,19531081.25,35213.0,28069.975,1.2545
2023-11-03 18:33:13,676048290075.0,19532193.75,34612.0,28130.795,1.2304
2023-11-04 20:54:12,679485808625.0,19533312.5,34786.0,28193.9,1.2338
2023-11-05 22:42:18,679895444593.75,19534418.75,34805.0,28259.84,1.2316
2023-11-07 07:06:46,683684768425.0,19535525.0,34997.0,28334.825,1.2351
2023-11-08 12:27:14,691049720575.0,19536631.25,35372.0,28409.27,1.2451
2023-11-09 20:38:24,707598465393.75,19537743.75,36217.0,28480.25,1.2717
2023-11-11 00:03:09,728818643850.0,19538850.0,37301.0,28544.45,1.3068
2023-11-12 04:28:44,723076774875.0,19539975.0,37005.0,28605.14,1.2936
2023-11-13 08:17:44,722258597100.0,19541100.0,36961.0,28665.795,1.2894
2023-11-14 16:48:20,711219054262.5,19542206.25,36394.0,28713.525,1.2675
2023-11-15 21:46:12,736744030237.5,19543318.75,37698.0,28767.625,1.3104
2023-11-17 03:04:20,712707229962.5,19544431.25,36466.0,28812.85,1.2656
2023-11-18 06:34:37,711066654250.0,19545537.5,36380.0,28857.145,1.2607
2023-11-19 08:30:54,717518428200.0,19546650.0,36708.0,28899.9,1.2702
2023-11-20 11:17:22,730910387637.5,19547762.5,37391.0,28950.005,1.2916
2023-11-21 16:18:17,722604384475.0,19548868.75,36964.0,28994.305,1.2749
2023-11-22 19:07:23,727200420075.0,19549975.0,37197.0,29043.02,1.2808
2023-11-24 00:50:02,729431290356.25,19551081.25,37309.0,29089.65,1.2826
2023-11-25 03:00:46,739365970312.5,19552187.5,37815.0,29143.42,1.2975
2023-11-26 05:07:02,738078179181.25,19553293.75,37747.0,29190.42,1.2931
2023-11-27 13:45:57,721420479200.0,19554400.0,36893.0,29233.725,1.262
2023-11-28 17:34:42,744537027412.5,19555512.5,38073.0,29281.655,1.3002
2023-11-30 01:25:45,737695215868.75,19556618.75,37721.0,29327.93,1.2862
2023-12-01 07:28:40,748884847975.0,19557725.0,38291.0,29377.78,1.3034
2023-12-02 10:13:52,758100299250.0,19558831.25,38760.0,29430.655,1.317
2023-12-03 15:54:43,776079888168.75,19559943.75,39677.0,29488.04,1.3455
2023-12-04 17:35:28,814913603375.0,19561056.25,41660.0,29556.375,1.4095
2023-12-06 01:25:05,863649912212.5,19562162.5,44149.0,29637.195,1.4896
2023-12-07 08:42:02,855404199375.0,19563275.0,43725.0,29716.415,1.4714
2023-12-08 19:28:18,857624216475.0,19564381.25,43836.0,29793.43,1.4713
2023-12-09 23:18:17,858142555875.0,19565493.75,43860.0,29861.81,1.4688
2023-12-11 04:25:07,825906713625.0,19566612.5,42210.0,29922.72,1.4106
2023-12-12 09:15:45,820043957375.0,19567718.75,41908.0,29977.745,1.398
2023-12-13 14:21:23,810442887375.0,19568825.0,41415.0,30032.87,1.379
2023-12-14 18:05:50,846712915875.0,19569937.5,43266.0,30096.725,1.4376
2023-12-15 21:12:28,827326996650.0,19571050.0,42273.0,30160.905,1.4016
2023-12-17 01:36:57,826845312937.5,19572156.25,42246.0,30220.955,1.3979
2023-12-18 05:25:11,805166240400.0,19573275.0,41136.0,30281.595,1.3584
2023-12-19 07:55:37,842520517762.5,19574381.25,43042.0,30356.525,1.4179
2023-12-20 12:07:28,839808257368.75,19575493.75,42901.0,30432.81,1.4097
2023-12-21 15:30:00,859589478262.5,19576612.5,43909.0,30513.25,1.439
2023-12-22 19:29:02,859070298750.0,19577718.75,43880.0,30595.815,1.4342
2023-12-23 20:02:11,857161232125.0,19578831.25,43780.0,30665.735,1.4277
2023-12-24 21:56:26,853313800950.0,19579950.0,43581.0,30736.235,1.4179
2023-12-26 02:47:12,853107458700.0,19581056.25,43568.0,30807.455,1.4142
2023-12-27 10:57:33,847496410837.5,19582162.5,43279.0,30877.335,1.4016
2023-12-28 22:31:06,833209601425.0,19583275.0,42547.0,30949.435,1.3747
2023-12-30 03:05:05,821956481062.5,19584381.25,41970.0,31015.94,1.3532
2023-12-31 05:51:04,828524877712.5,19585487.5,42303.0,31082.035,1.361
2024-01-01 10:56:38,837503162156.25,19586593.75,42759.0,31150.435,1.3727
2024-01-02 16:42:26,885618680100.0,19587700.0,45213.0,31233.15,1.4476
2024-01-03 21:25:06,836128605975.0,19588806.25,42684.0,31302.625,1.3636
2024-01-04 20:56:51,869635395700.0,19589912.5,44392.0,31386.42,1.4144
2024-01-06 03:52:06,863062740012.5,19591018.75,44054.0,31468.56,1.3999
2024-01-07 12:28:23,864110673125.0,19592125.0,44105.0,31551.73,1.3979
2024-01-08 23:23:27,922077349987.5,19593237.5,47061.0,31655.435,1.4867
2024-01-10 05:39:27,900399284000.0,19594343.75,45952.0,31750.485,1.4473
2024-01-11 08:25:57,904819903750.0,19595450.0,46175.0,31846.775,1.4499
2024-01-12 11:35:53,905125740075.0,19596556.25,46188.0,31942.135,1.446
2024-01-13 13:07:26,835997620150.0,19597675.0,42658.0,32020.46,1.3322
2024-01-14 19:30:36,838200943800.0,19598787.5,42768.0,32097.215,1.3325
2024-01-16 05:08:25,838855852606.25,19599893.75,42799.0,32176.68,1.3301
2024-01-17 18:12:53,831200006000.0,19601000.0,42406.0,32253.39,1.3148
2024-01-19 00:26:25,809508181806.25,19602106.25,41297.0,32326.335,1.2775
2024-01-20 06:43:45,818493192468.75,19603218.75,41753.0,32398.48,1.2887
2024-01-21 13:58:39,821833170331.25,19604331.25,41921.0,32474.875,1.2909
2024-01-22 18:19:50,797196553762.5,19605443.75,40662.0,32546.83,1.2493
2024-01-23 21:10:46,768812283675.0,19606556.25,39212.0,32609.05,1.2025
2024-01-25 01:09:40,788561362762.5,19607662.5,40217.0,32674.54,1.2308
2024-01-26 01:05:22,783174473500.0,19608775.0,39940.0,32733.98,1.2201
2024-01-27 04:44:33,820869890750.0,19609887.5,41860.0,32804.135,1.2761
2024-01-28 07:20:50,832565394000.0,19611000.0,42454.0,32880.83,1.2911
2024-01-29 08:38:56,824336312600.0,19612112.5,42032.0,32956.56,1.2754
2024-01-30 13:41:25,846741879875.0,19613218.75,43172.0,33035.955,1.3068
2024-01-31 20:23:23,841925822850.0,19614337.5,42924.0,33114.915,1.2962
2024-02-02 00:32:43,849093713606.25,19615443.75,43287.0,33197.465,1.3039
2024-02-02 23:31:19,846434515950.0,19616550.0,43149.0,33283.45,1.2964
2024-02-04 03:30:35,844442282312.5,19617662.5,43045.0,33366.69,1.2901
2024-02-05 06:12:43,839251689587.5,19618768.75,42778.0,33448.155,1.2789
2024-02-06 10:18:32,842242262300.0,19619881.25,42928.0,33534.325,1.2801
2024-02-07 12:04:28,842368503675.0,19620993.75,42932.0,33619.93,1.277
2024-02-08 16:24:10,888862357256.25,19622118.75,45299.0,33716.51,1.3435
2024-02-09 18:44:15,943543527675.0,19623225.0,48083.0,33827.955,1.4214
2024-02-10 23:06:48,939397112606.25,19624331.25,47869.0,33941.625,1.4103
2024-02-12 04:37:17,944475382812.5,19625462.5,48125.0,34054.415,1.4132
2024-02-13 06:22:45,983271467806.25,19626568.75,50099.0,34171.955,1.4661
2024-02-14 14:05:56,1017302719187.5,19627681.25,51830.0,34298.32,1.5112
2024-02-15 17:01:01,1025211571125.0,19628787.5,52230.0,34426.05,1.5172
2024-02-17 01:08:20,1020971704106.25,19629918.75,52011.0,34542.52,1.5057
2024-02-18 07:22:40,1011998969775.0,19631025.0,51551.0,34648.725,1.4878
2024-02-19 15:18:40,1023403695737.5,19632137.5,52129.0,34755.855,1.4999
2024-02-20 23:18:49,1026740115150.0,19633243.75,52296.0,34863.675,1.5
2024-02-22 06:02:39,1011248206200.0,19634362.5,51504.0,34969.33,1.4728
2024-02-23 11:02:19,1004609487656.25,19635468.75,51163.0,35072.18,1.4588
2024-02-24 20:00:53,1013545044562.5,19636637.5,51615.0,35179.115,1.4672
2024-02-25 21:16:36,1015978634000.0,19637750.0,51736.0,35284.005,1.4663
2024-02-27 04:42:50,1093924267112.5,19638868.75,55702.0,35410.195,1.573
2024-02-28 10:41:12,1161331731293.75,19639981.25,59131.0,35552.78,1.6632
2024-02-29 18:45:51,1191506932100.0,19641087.5,60664.0,35700.48,1.6992
2024-03-01 23:33:34,1227931742281.25,19642193.75,62515.0,35858.845,1.7434
2024-03-03 06:23:11,1214427379200.0,19643300.0,61824.0,36014.995,1.7166
2024-03-04 12:27:45,1277515027250.0,19644406.25,65032.0,36189.35,1.797
2024-03-05 16:07:30,1310002064525.0,19645512.5,66682.0,36371.365,1.8334
2024-03-06 22:36:36,1305262409893.75,19646618.75,66437.0,36551.925,1.8176
2024-03-07 21:50:59,1322586608375.0,19647725.0,67315.0,36737.165,1.8323
2024-03-09 00:29:33,1338793191900.0,19648837.5,68136.0,36924.435,1.8453
2024-03-10 04:27:57,1362822715718.75,19649956.25,69355.0,37119.21,1.8684
2024-03-11 06:50:30,1348907883187.5,19651062.5,68643.0,37306.22,1.84
2024-03-12 10:21:29,1408687556175.0,19652175.0,71681.0,37512.965,1.9108
2024-03-13 15:57:31,1428243255000.0,19653281.25,72672.0,37724.68,1.9264
2024-03-14 19:18:31,1374509935425.0,19654387.5,69934.0,37923.755,1.8441
2024-03-16 03:56:50,1361359152618.75,19655493.75,69261.0,38119.485,1.8169
2024-03-17 09:45:51,1304962360800.0,19656600.0,66388.0,38300.095,1.7334
2024-03-18 14:00:17,1328390002250.0,19657718.75,67576.0,38488.035,1.7558
2024-03-19 19:31:48,1276683413150.0,19658825.0,64942.0,38662.875,1.6797
2024-03-20 23:21:46,1334221234281.25,19659931.25,67865.0,38856.0,1.7466
2024-03-22 10:22:15,1283354969737.5,19661043.75,65274.0,39035.84,1.6722
2024-03-23 16:46:40,1291961373550.0,19662162.5,65708.0,39217.455,1.6755
2024-03-24 15:58:07,1290599054625.0,19663275.0,65635.0,39399.515,1.6659
2024-03-25 23:29:37,1383369996237.5,19664387.5,70349.0,39604.69,1.7763
2024-03-27 05:41:13,1383585478275.0,19665493.75,70356.0,39809.46,1.7673
2024-03-28 12:26:53,1386632966200.0,19666600.0,70507.0,40015.61,1.762
2024-03-29 18:18:08,1366197546950.0,19667706.25,69464.0,40214.545,1.7273
2024-03-30 20:05:01,1376148135375.0,19668812.5,69966.0,40418.79,1.731
2024-04-01 06:49:25,1371079858250.0,19670031.25,69704.0,40621.04,1.716
2024-04-02 13:35:45,1276389944112.5,19671268.75,64886.0,40800.165,1.5903
2024-04-03 18:48:22,1295583272750.0,19672375.0,65858.0,40983.98,1.6069
2024-04-05 03:34:44,1336263042487.5,19673493.75,67922.0,41177.155,1.6495
2024-04-06 06:26:32,1337105490600.0,19674600.0,67961.0,41367.455,1.6429
2024-04-07 09:34:33,1364864391150.0,19675706.25,69368.0,41567.03,1.6688
2024-04-08 11:30:02,1428575941125.0,19676812.5,72602.0,41782.945,1.7376
2024-04-09 15:24:56,1355237942231.25,19677918.75,68871.0,41979.935,1.6406
2024-04-10 18:34:15,1364150446250.0,19679031.25,69320.0,42179.41,1.6435
2024-04-12 03:27:11,1393707977475.0,19680137.5,70818.0,42386.565,1.6708
2024-04-13 09:29:24,1321458588393.75,19681256.25,67143.0,42576.445,1.577
2024-04-14 11:19:58,1265930191275.0,19682362.5,64318.0,42755.245,1.5043
2024-04-15 15:35:59,1273658212406.25,19683468.75,64707.0,42948.505,1.5066
2024-04-16 20:19:42,1235385419156.25,19684593.75,62759.0,43131.695,1.4551
2024-04-18 01:45:11,1212835977000.0,19685700.0,61610.0,43309.14,1.4226
2024-04-19 05:49:24,1224776443725.0,19686825.0,62213.0,43489.985,1.4305
2024-04-20 12:36:06,1255466336246.875,19687721.875,63769.0,43678.545,1.46
2024-04-21 20:38:53,1272886557337.5,19688278.125,64652.0,43871.685,1.4737
2024-04-23 00:22:00,1317281254781.25,19688831.25,66905.0,44075.815,1.518
2024-04-24 03:41:00,1312790119921.875,19689390.625,66675.0,44278.79,1.5058
2024-04-25 07:02:28,1266752531156.25,19689943.75,64335.0,44470.325,1.4467
2024-04-26 14:07:04,1271435275500.0,19690500.0,64571.0,44655.395,1.446
2024-04-27 18:34:31,1243391549578.125,19691053.125,63145.0,44834.8,1.4084
2024-04-29 03:36:38,1235293843275.0,19691606.25,62732.0,45018.79,1.3935
2024-04-30 10:10:59,1216739529637.5,19692165.625,61788.0,45198.33,1.367
2024-05-01 17:57:23,1128254935343.75,19692718.75,57293.0,45354.775,1.2632
2024-05-02 23:43:57,1168638325050.0,19693275.0,59342.0,45522.645,1.3036
2024-05-04 08:02:59,1242463922578.125,19693828.125,63089.0,45709.265,1.3802
2024-05-05 14:58:01,1264024777387.5,19694381.25,64182.0,45900.56,1.3983
2024-05-07 00:33:37,1247950613787.5,19694946.875,63364.0,46087.825,1.3749
2024-05-08 15:04:20,1234633288362.5,19695518.75,62686.0,46271.865,1.3547
2024-05-09 19:37:34,1229586375012.5,19696071.875,62428.0,46455.54,1.3438
2024-05-11 00:26:46,1198894360712.5,19696628.125,60868.0,46628.915,1.3054
2024-05-12 05:07:48,1205330950828.125,19697203.125,61193.0,46804.01,1.3074
2024-05-13 12:38:53,1237630115637.5,19697762.5,62831.0,46985.04,1.3373
2024-05-14 18:00:04,1209279596218.75,19698315.625,61390.0,47159.92,1.3017
2024-05-16 00:26:17,1309383805812.5,19698868.75,66470.0,47359.29,1.4035
2024-05-17 06:14:01,1296124284703.125,19699434.375,65795.0,47554.92,1.3836
2024-05-18 14:11:49,1319505790687.5,19699996.875,66980.0,47755.785,1.4026
2024-05-19 18:48:20,1314184706325.0,19700556.25,66708.0,47953.7,1.3911
2024-05-20 21:37:08,1364932476225.0,19701112.5,69282.0,48167.04,1.4384
2024-05-22 05:08:19,1371413460018.75,19701668.75,69609.0,48382.24,1.4387
2024-05-23 08:39:58,1373265655987.5,19702237.5,69701.0,48597.74,1.4342
2024-05-24 08:51:08,1322333719200.0,19702800.0,67114.0,48802.52,1.3752
2024-05-25 12:05:48,1363747883193.75,19703353.125,69214.0,49017.665,1.412
2024-05-26 16:22:16,1359707889887.5,19703912.5,69007.0,49231.065,1.4017
2024-05-27 22:33:12,1373775856781.25,19704468.75,69719.0,49444.77,1.41
2024-05-29 06:22:23,1353735002812.5,19705021.875,68700.0,49653.485,1.3836
2024-05-30 12:37:32,1342087809359.375,19705578.125,68107.0,49858.28,1.366
2024-05-31 20:17:28,1334124791756.25,19706131.25,67701.0,50057.38,1.3525
2024-06-02 04:02:27,1336290560784.375,19706684.375,67809.0,50259.275,1.3492
2024-06-03 07:26:42,1362814594837.5,19707237.5,69153.0,50466.575,1.3703
2024-06-04 12:59:59,1361926578931.25,19707790.625,69106.0,50673.58,1.3637
2024-06-05 23:04:44,1402820422215.625,19708346.875,71179.0,50889.41,1.3987
2024-06-07 06:02:21,1405638748000.0,19708900.0,71320.0,51106.305,1.3955
2024-06-08 10:20:56,1368841228984.375,19709453.125,69451.0,51315.28,1.3534
2024-06-09 14:53:56,1368583993975.0,19710006.25,69436.0,51525.46,1.3476
2024-06-10 17:10:03,1379285813384.375,19710559.375,69977.0,51741.015,1.3524
2024-06-12 02:21:32,1328193893587.5,19711112.5,67383.0,51943.795,1.2972
2024-06-13 08:07:27,1334775437796.875,19711665.625,67715.0,52147.935,1.2985
2024-06-14 15:35:13,1319004111425.0,19712225.0,66913.0,52347.89,1.2782
2024-06-15 23:25:56,1305715491656.25,19712781.25,66237.0,52538.445,1.2607
2024-06-17 01:44:29,1309477949193.75,19713334.375,66426.0,52728.165,1.2598
2024-06-18 07:00:22,1292225816578.125,19713890.625,65549.0,52913.855,1.2388
2024-06-19 11:45:50,1286544884681.25,19714443.75,65259.0,53090.88,1.2292
2024-06-20 21:38:26,1287389704062.5,19715003.125,65300.0,53268.37,1.2259
2024-06-22 02:41:39,1268991778031.25,19715556.25,64365.0,53440.665,1.2044
2024-06-23 10:03:53,1272004915662.5,19716115.625,64516.0,53605.395,1.2035
2024-06-24 18:10:34,1188501452325.0,19716675.0,60279.0,53736.35,1.1218
2024-06-26 04:45:05,1219333877490.625,19717240.625,61841.0,53873.34,1.1479
2024-06-27 14:14:04,1224455274081.25,19717793.75,62099.0,54013.645,1.1497
2024-06-28 21:44:44,1191284492843.75,19718356.25,60415.0,54144.94,1.1158
2024-06-30 01:50:16,1204588735900.0,19718909.375,61088.0,54277.62,1.1255
2024-07-01 11:56:22,1238343002318.75,19719465.625,62798.0,54419.69,1.154
2024-07-02 16:02:05,1222739762593.75,19720018.75,62005.0,54557.76,1.1365
2024-07-03 21:45:20,1187395729484.375,19720578.125,60211.0,54682.75,1.1011
2024-07-05 04:27:20,1087324571468.75,19721131.25,55135.0,54785.365,1.0064
2024-07-06 13:55:14,1123939504906.25,19721696.875,56990.0,54896.385,1.0381
2024-07-07 17:05:31,1129552782206.25,19722256.25,57273.0,55008.725,1.0412
2024-07-08 20:28:21,1112465062796.875,19722809.375,56405.0,55115.765,1.0234
2024-07-10 00:11:18,1147998314312.5,19723362.5,58205.0,55229.93,1.0539
2024-07-11 07:12:25,1147458515400.0,19723915.625,58176.0,55339.725,1.0513
2024-07-12 11:32:35,1132460828231.25,19724471.875,57414.0,55440.29,1.0356
2024-07-13 18:10:45,1160995614343.75,19725031.25,58859.0,55549.56,1.0596
2024-07-14 20:16:23,1185192199350.0,19725587.5,60084.0,55665.175,1.0794
2024-07-15 21:45:39,1257028585187.5,19726140.625,63724.0,55801.825,1.142
2024-07-17 02:28:00,1300482491484.375,19726696.875,65925.0,55942.96,1.1784
2024-07-18 08:50:22,1278799254000.0,19727250.0,64824.0,56084.75,1.1558
2024-07-19 14:52:43,1295228914171.875,19727803.125,65655.0,56231.125,1.1676
2024-07-20 16:21:30,1319768266162.5,19728362.5,66897.0,56382.07,1.1865
2024-07-21 17:22:34,1334325961818.75,19728918.75,67633.0,56533.28,1.1963
2024-07-22 19:49:07,1342966271921.875,19729484.375,68069.0,56688.805,1.2007
2024-07-23 19:57:58,1298078832800.0,19730040.625,65792.0,56831.78,1.1577
2024-07-25 01:43:04,1272603767840.625,19730596.875,64499.0,56967.73,1.1322
2024-07-26 04:05:45,1324276073137.5,19731153.125,67116.0,57114.235,1.1751
2024-07-27 07:22:19,1347300634456.25,19731706.25,68281.0,57266.905,1.1923
2024-07-28 12:28:46,1340827393831.25,19732268.75,67951.0,57422.195,1.1834
2024-07-29 14:02:29,1369201311440.625,19732821.875,69387.0,57578.765,1.2051
2024-07-30 16:22:54,1309980780900.0,19733381.25,66384.0,57722.08,1.1501
2024-07-31 21:00:23,1276114600293.75,19733934.375,64666.0,57853.955,1.1177
2024-08-02 04:27:47,1276269179800.0,19734493.75,64672.0,57983.515,1.1154
2024-08-03 13:13:17,1225092504859.375,19735046.875,62077.0,58095.515,1.0685
2024-08-04 20:48:45,1163710022531.25,19735606.25,58965.0,58182.04,1.0135
2024-08-05 23:24:45,1085409820987.5,19736159.375,54996.0,58236.275,0.9444
2024-08-07 07:51:23,1123393938787.5,19736712.5,56919.0,58302.245,0.9763
2024-08-08 17:04:57,1177151377409.375,19737284.375,59641.0,58381.27,1.0216
2024-08-10 03:56:39,1194810255225.0,19737837.5,60534.0,58464.64,1.0354
2024-08-11 08:53:54,1210614712203.125,19738390.625,61333.0,58560.255,1.0473
2024-08-12 12:59:48,1177270269518.75,19738946.875,59642.0,58648.925,1.0169
2024-08-13 18:37:27,1204840052240.625,19739503.125,61037.0,58747.035,1.039
2024-08-15 02:30:06,1152128383031.25,19740056.25,58365.0,58822.53,0.9922
2024-08-16 06:08:38,1150640821400.0,19740612.5,58288.0,58902.605,0.9896
2024-08-17 10:45:06,1170532674568.75,19741165.625,59294.0,58987.845,1.0052
2024-08-18 14:02:03,1183575451571.875,19741721.875,59953.0,59081.93,1.0147
2024-08-19 21:45:41,1171388144850.0,19742275.0,59334.0,59163.39,1.0029
2024-08-21 03:16:42,1175843357468.75,19742828.125,59558.0,59246.675,1.0053
2024-08-22 08:21:28,1203931645243.75,19743381.25,60979.0,59332.025,1.0278
2024-08-23 09:07:28,1212475009968.75,19743934.375,61410.0,59419.675,1.0335
2024-08-24 11:05:55,1268385877000.0,19744487.5,64240.0,59521.975,1.0793
2024-08-25 18:24:34,1267770224703.125,19745046.875,64207.0,59625.105,1.0768
2024-08-27 02:33:54,1248317029562.5,19745603.125,63220.0,59723.365,1.0585
2024-08-28 07:46:15,1164549679600.0,19746162.5,58976.0,59801.85,0.9862
2024-08-29 10:59:28,1182453265468.75,19746718.75,59881.0,59888.52,0.9999
2024-08-30 20:19:16,1164792831546.875,19747271.875,58985.0,59973.595,0.9835
2024-09-01 00:31:19,1167787816171.875,19747828.125,59135.0,60057.755,0.9846
2024-09-02 06:03:50,1145091950400.0,19748412.5,57984.0,60133.88,0.9642
2024-09-03 07:27:13,1166808571687.5,19748968.75,59082.0,60203.225,0.9814
2024-09-04 16:11:34,1149028819000.0,19749550.0,58180.0,60280.705,0.9652
2024-09-05 17:24:51,1116414432640.625,19750109.375,56527.0,60341.38,0.9368
2024-09-07 00:09:42,1069222034275.0,19750665.625,54136.0,60391.79,0.8964
2024-09-08 02:08:33,1074663982218.75,19751221.875,54410.0,60443.315,0.9002
2024-09-09 05:05:32,1086367548653.125,19751778.125,55001.0,60483.015,0.9094
2024-09-10 11:20:58,1130801748440.625,19752340.625,57249.0,60539.5,0.9456
2024-09-11 23:52:29,1136462989012.5,19752893.75,57534.0,60596.295,0.9495
2024-09-13 05:04:57,1145463058600.0,19753450.0,57988.0,60655.295,0.956
2024-09-14 11:41:17,1183403252418.75,19754006.25,59907.0,60741.54,0.9863
2024-09-15 17:57:00,1183910497903.125,19754559.375,59931.0,60827.355,0.9853
2024-09-17 04:24:48,1151071504206.25,19755118.75,58267.0,60904.695,0.9567
2024-09-18 08:32:20,1191208312331.25,19755681.25,60297.0,60994.15,0.9886
2024-09-19 17:49:35,1262996307359.375,19756234.375,63929.0,61107.31,1.0462
2024-09-21 00:02:08,1248727951453.125,19756790.625,63205.0,61214.57,1.0325
2024-09-22 07:41:29,1245898096875.0,19757343.75,63060.0,61320.265,1.0284
2024-09-23 13:27:48,1251761556515.625,19757896.875,63355.0,61433.73,1.0313
2024-09-24 18:51:48,1263118790925.0,19758459.375,63928.0,61557.31,1.0385
2024-09-26 01:20:48,1246892681015.625,19759015.625,63105.0,61671.75,1.0232
2024-09-27 10:04:00,1302017675475.0,19759575.0,65893.0,61801.515,1.0662
2024-09-28 18:50:52,1302213645150.0,19760150.0,65901.0,61921.72,1.0643
2024-09-29 23:18:43,1299345478762.5,19760706.25,65754.0,62038.22,1.0599
2024-10-01 05:52:48,1261104289534.375,19761259.375,63817.0,62147.145,1.0269
2024-10-02 08:10:04,1222406822418.75,19761818.75,61857.0,62240.57,0.9938
2024-10-03 13:09:57,1197995361937.5,19762378.125,60620.0,62329.05,0.9726
2024-10-04 15:27:03,1221033330500.0,19762937.5,61784.0,62421.535,0.9898
2024-10-05 17:34:53,1226463131643.75,19763493.75,62057.0,62516.075,0.9927
2024-10-06 22:03:41,1233118607600.0,19764050.0,62392.0,62612.81,0.9965
2024-10-08 02:07:56,1238806382275.0,19764612.5,62678.0,62712.31,0.9995
2024-10-09 04:42:46,1233543986656.25,19765165.625,62410.0,62809.72,0.9936
2024-10-10 13:47:23,1204681026375.0,19765718.75,60948.0,62899.8,0.969
2024-10-11 18:03:01,1244563542337.5,19766271.875,62964.0,62988.125,0.9996
2024-10-12 21:58:27,1250943520125.0,19766825.0,63285.0,63064.135,1.0035
2024-10-14 06:03:36,1265270339025.0,19767378.125,64008.0,63144.83,1.0137
2024-10-15 09:56:06,1299800783481.25,19767931.25,65753.0,63232.97,1.0399
2024-10-16 15:23:53,1338978752171.875,19768484.375,67733.0,63321.14,1.0697
2024-10-17 18:14:22,1331346251343.75,19769043.75,67345.0,63398.715,1.0622
2024-10-19 00:46:40,1349749457043.75,19769596.875,68274.0,63478.935,1.0755
2024-10-20 02:45:03,1347336148437.5,19770156.25,68150.0,63559.63,1.0722
2024-10-21 02:20:02,1368172846425.0,19770712.5,69202.0,63647.885,1.0873
2024-10-22 05:38:29,1336260758531.25,19771265.625,67586.0,63725.17,1.0606
2024-10-23 09:50:15,1314687544143.75,19771818.75,66493.0,63796.155,1.0423
2024-10-24 15:33:55,1338826844400.0,19772371.875,67712.0,63877.195,1.06
2024-10-25 18:53:49,1331904228000.0,19772925.0,67360.0,63958.18,1.0532
2024-10-26 23:58:53,1326958779725.0,19773481.25,67108.0,64035.645,1.048
2024-10-28 03:49:45,1341016324993.75,19774043.75,67817.0,64116.05,1.0577
2024-10-29 04:46:35,1404985107968.75,19774596.875,71050.0,64192.79,1.1068
2024-10-30 07:22:32,1432353891150.0,19775153.125,72432.0,64259.295,1.1272
2024-10-31 08:17:38,1431246964137.5,19775706.25,72374.0,64317.845,1.1253
2024-11-01 11:32:08,1388076307953.125,19776265.625,70189.0,64356.215,1.0906
2024-11-02 17:32:39,1373243180534.375,19776821.875,69437.0,64394.28,1.0783
2024-11-04 01:20:07,1359813625225.0,19777381.25,68756.0,64412.9,1.0674
2024-11-05 06:13:18,1360444993918.75,19777934.375,68786.0,64423.42,1.0677
2024-11-06 12:59:01,1472014164765.625,19778490.625,74425.0,64463.36,1.1545
2024-11-07 14:40:36,1481411052843.75,19779046.875,74898.0,64501.275,1.1612
2024-11-08 19:40:51,1522099799278.125,19779603.125,76953.0,64545.36,1.1922
2024-11-10 03:07:58,1523072271875.0,19780159.375,77000.0,64583.585,1.1923
2024-11-11 08:40:14,1603741553375.0,19780718.75,81076.0,64645.75,1.2542
2024-11-12 15:53:27,1708746097050.0,19781275.0,86382.0,64719.255,1.3347
2024-11-13 21:47:17,1768812223050.0,19781831.25,89416.0,64802.975,1.3798
2024-11-15 06:46:53,1735172280684.375,19782384.375,87713.0,64891.87,1.3517
2024-11-16 09:43:23,1805114200268.75,19782940.625,91246.0,65001.795,1.4037
2024-11-17 12:11:04,1794877253962.5,19783493.75,90726.0,65123.485,1.3931
2024-11-18 17:38:00,1818945269687.5,19784046.875,91940.0,65245.305,1.4091
2024-11-19 18:18:26,1843746949821.8752,19784603.125,93191.0,65386.55,1.4252
2024-11-20 22:25:14,1866986699218.75,19785156.25,94363.0,65519.04,1.4402
2024-11-22 01:43:25,1944262517443.75,19785709.375,98266.0,65684.0,1.496
2024-11-23 09:44:56,1940617146234.3752,19786265.625,98079.0,65845.855,1.4895
2024-11-24 18:04:38,1894211945756.25,19786818.75,95731.0,65996.335,1.4506
2024-11-25 20:36:17,1881759277940.6248,19787371.875,95099.0,66120.085,1.4383
2024-11-27 01:09:44,1821617299403.1248,19787928.125,92057.0,66228.59,1.39
2024-11-28 08:07:26,1887821409375.0,19788484.375,95400.0,66353.055,1.4378
2024-11-29 17:12:22,1936773195009.3752,19789040.625,97871.0,66495.09,1.4719
2024-11-30 20:39:38,1921273012609.3752,19789596.875,97085.0,66630.685,1.4571
2024-12-02 00:29:19,1926056862737.5,19790153.125,97324.0,66768.785,1.4576
2024-12-03 06:34:41,1906498105181.25,19790706.25,96333.0,66926.02,1.4394
2024-12-04 11:19:07,1910945350687.5,19791262.5,96555.0,67079.505,1.4394
2024-12-05 13:56:03,2038952845687.5,19791815.625,103020.0,67254.995,1.5318
2024-12-06 22:19:52,1989133059375.0,19792368.75,100500.0,67417.69,1.4907
2024-12-08 02:12:41,1977926788175.0,19792925.0,99931.0,67570.505,1.4789
2024-12-09 07:46:51,1969233656081.25,19793481.25,99489.0,67704.94,1.4694
2024-12-10 10:44:55,1934114992200.0,19794037.5,97712.0,67849.145,1.4401
2024-12-11 15:53:11,1984210390750.0,19794596.875,100240.0,68003.745,1.474
2024-12-12 20:37:41,1970369640700.0,19795150.0,99538.0,68147.345,1.4606
2024-12-13 21:41:22,2003325156250.0,19795703.125,101200.0,68317.63,1.4813
2024-12-15 00:46:30,2004766870437.5,19796256.25,101270.0,68502.39,1.4783
2024-12-16 09:16:54,2067183161250.0,19796812.5,104420.0,68700.955,1.5199
2024-12-17 12:33:58,2112180938531.25,19797365.625,106690.0,68920.61,1.548
2024-12-18 18:34:37,2070664322062.5,19797918.75,104590.0,69135.51,1.5128
2024-12-20 00:37:18,1917146032278.1248,19798478.125,96833.0,69308.61,1.3971
2024-12-21 05:59:43,1939098545831.25,19799043.75,97939.0,69479.46,1.4096
2024-12-22 10:51:18,1925946691200.0,19799600.0,97272.0,69642.56,1.3967
2024-12-23 16:23:55,1846800465225.0,19800159.375,93272.0,69774.395,1.3368
2024-12-24 23:19:04,1958607277650.0,19800712.5,98916.0,69935.6,1.4144
2024-12-26 04:44:25,1951930176350.0,19801271.875,98576.0,70106.805,1.4061
2024-12-27 10:45:11,1911529874390.6248,19801828.125,96533.0,70266.615,1.3738
2024-12-28 16:12:38,1873127044818.75,19802381.25,94591.0,70423.845,1.3432
2024-12-29 16:59:55,1860624598687.5,19802937.5,93957.0,70579.97,1.3312
2024-12-30 22:44:37,1836338078675.0,19803490.625,92728.0,70734.67,1.3109
2025-01-01 06:46:37,1858134208887.5,19804043.75,93826.0,70917.335,1.323
2025-01-02 11:14:41,1917797942987.5,19804596.875,96836.0,71104.805,1.3619
2025-01-03 13:55:02,1916088847050.0,19805150.0,96747.0,71273.095,1.3574
2025-01-04 17:55:51,1939493590237.5,19805706.25,97926.0,71441.815,1.3707
2025-01-05 22:41:27,1952758838662.5,19806262.5,98593.0,71617.96,1.3767
2025-01-07 05:59:02,2014155398687.5,19806818.75,101690.0,71812.98,1.416
2025-01-08 15:15:51,1887543800625.0,19807375.0,95295.0,71977.315,1.324
2025-01-09 21:31:29,1831064972681.25,19807931.25,92441.0,72135.18,1.2815
2025-01-11 02:33:02,1869346773862.5,19808487.5,94371.0,72301.07,1.3053
2025-01-12 07:52:05,1871478922087.5,19809040.625,94476.0,72459.295,1.3038
2025-01-13 11:16:46,1814321072375.0,19809593.75,91588.0,72610.285,1.2614
2025-01-14 17:21:32,1905993961950.0,19810150.0,96213.0,72759.0,1.3224
2025-01-15 23:34:35,1984240338000.0,19810706.25,100160.0,72930.825,1.3734
2025-01-17 07:20:11,2011833389531.25,19811259.375,101550.0,73103.675,1.3891
2025-01-18 12:59:44,2049730121250.0,19811812.5,103460.0,73287.435,1.4117
2025-01-19 17:53:47,2071977197062.5,19812365.625,104580.0,73463.925,1.4236
2025-01-20 23:23:08,2034589268250.0,19812925.0,102690.0,73629.33,1.3947
2025-01-22 06:55:22,2088736863937.5,19813478.125,105420.0,73807.925,1.4283
2025-01-23 10:26:22,2017663120406.25,19814034.375,101830.0,73981.505,1.3764
2025-01-24 18:44:19,2116990528500.0,19814587.5,106840.0,74169.635,1.4405
2025-01-26 02:31:05,2073654793437.5,19815143.75,104650.0,74347.85,1.4076
2025-01-27 07:26:51,1962764900700.0,19815700.0,99051.0,74494.51,1.3296
2025-01-28 12:43:35,2036318492250.0,19816256.25,102760.0,74664.81,1.3763
2025-01-29 17:36:43,2028450207000.0,19816825.0,102360.0,74836.075,1.3678
2025-01-30 23:01:08,2083202788500.0,19817378.125,105120.0,75023.17,1.4012
2025-02-01 06:05:34,2032130670375.0,19817931.25,102540.0,75196.825,1.3636
2025-02-02 05:53:04,1987199741625.0,19818487.5,100270.0,75352.41,1.3307
2025-02-03 07:02:29,1863148371075.0,19819040.625,94008.0,75476.92,1.2455
